{
  "Name": "SPC_DOMAINS",
  "Properties": [
    {
      "Name": "Alias",
      "Value": ""
    }
  ],
  "Folders": [
    {
      "Name": "Columns",
      "Properties": null,
      "Folders": [
        {
          "Name": "ID",
          "Properties": [
            {
              "Name": "DataType",
              "Value": "int"
            },
            {
              "Name": "Maximum Length",
              "Value": "10"
            },
            {
              "Name": "Decimal Places",
              "Value": "0"
            },
            {
              "Name": "NullIndicator",
              "Value": ""
            },
            {
              "Name": "NotNullMessage",
              "Value": ""
            },
            {
              "Name": "Domain",
              "Value": ""
            },
            {
              "Name": "Default Value",
              "Value": ""
            },
            {
              "Name": "Prompt",
              "Value": ""
            },
            {
              "Name": "Decription",
              "Value": ""
            },
            {
              "Name": "BaseTableDirective",
              "Value": ""
            },
            {
              "Name": "LOV type",
              "Value": ""
            }
          ],
          "Folders": null
        },
        {
          "Name": "TIPUS",
          "Properties": [
            {
              "Name": "DataType",
              "Value": "nvarchar"
            },
            {
              "Name": "Maximum Length",
              "Value": "30"
            },
            {
              "Name": "Decimal Places",
              "Value": "0"
            },
            {
              "Name": "NullIndicator",
              "Value": ""
            },
            {
              "Name": "NotNullMessage",
              "Value": ""
            },
            {
              "Name": "Domain",
              "Value": ""
            },
            {
              "Name": "Default Value",
              "Value": ""
            },
            {
              "Name": "Prompt",
              "Value": ""
            },
            {
              "Name": "Decription",
              "Value": ""
            },
            {
              "Name": "BaseTableDirective",
              "Value": ""
            },
            {
              "Name": "LOV type",
              "Value": ""
            }
          ],
          "Folders": null
        },
        {
          "Name": "MEGNEVEZES",
          "Properties": [
            {
              "Name": "DataType",
              "Value": "nvarchar"
            },
            {
              "Name": "Maximum Length",
              "Value": "100"
            },
            {
              "Name": "Decimal Places",
              "Value": "0"
            },
            {
              "Name": "NullIndicator",
              "Value": ""
            },
            {
              "Name": "NotNullMessage",
              "Value": ""
            },
            {
              "Name": "Domain",
              "Value": ""
            },
            {
              "Name": "Default Value",
              "Value": ""
            },
            {
              "Name": "Prompt",
              "Value": ""
            },
            {
              "Name": "Decription",
              "Value": ""
            },
            {
              "Name": "BaseTableDirective",
              "Value": ""
            },
            {
              "Name": "LOV type",
              "Value": ""
            }
          ],
          "Folders": null
        },
        {
          "Name": "MEGJEGYZES",
          "Properties": [
            {
              "Name": "DataType",
              "Value": "ntext"
            },
            {
              "Name": "Maximum Length",
              "Value": "0"
            },
            {
              "Name": "Decimal Places",
              "Value": "0"
            },
            {
              "Name": "NullIndicator",
              "Value": ""
            },
            {
              "Name": "NotNullMessage",
              "Value": ""
            },
            {
              "Name": "Domain",
              "Value": ""
            },
            {
              "Name": "Default Value",
              "Value": ""
            },
            {
              "Name": "Prompt",
              "Value": ""
            },
            {
              "Name": "Decription",
              "Value": ""
            },
            {
              "Name": "BaseTableDirective",
              "Value": ""
            },
            {
              "Name": "LOV type",
              "Value": ""
            }
          ],
          "Folders": null
        }
      ]
    },
    {
      "Name": "Keys",
      "Properties": null,
      "Folders": null
    }
  ]
}