{
  "Name": "SPC_IKTATAS",
  "Properties": [
    {
      "Name": "Alias",
      "Value": "IKT"
    }
  ],
  "Folders": [
    {
      "Name": "Columns",
      "Properties": null,
      "Folders": [
        {
          "Name": "BEERK_DATUM",
          "Properties": [
            {
              "Name": "BaseTableDirective",
              "Value": ""
            },
            {
              "Name": "DataType",
              "Value": "datetime"
            },
            {
              "Name": "Decimal Places",
              "Value": "3"
            },
            {
              "Name": "Decription",
              "Value": ""
            },
            {
              "Name": "Default Value",
              "Value": ""
            },
            {
              "Name": "Domain",
              "Value": ""
            },
            {
              "Name": "Maximum Length",
              "Value": "23"
            },
            {
              "Name": "NotNullMessage",
              "Value": ""
            },
            {
              "Name": "NullIndicator",
              "Value": ""
            },
            {
              "Name": "Prompt",
              "Value": "Be\u00E9rkez\u00E9s d\u00E1tuma"
            },
            {
              "Name": "LOV type",
              "Value": ""
            }
          ],
          "Folders": null
        },
        {
          "Name": "BRUTTO_OSSZEG",
          "Properties": [
            {
              "Name": "BaseTableDirective",
              "Value": ""
            },
            {
              "Name": "DataType",
              "Value": "numeric"
            },
            {
              "Name": "Decimal Places",
              "Value": "9"
            },
            {
              "Name": "Decription",
              "Value": ""
            },
            {
              "Name": "Default Value",
              "Value": ""
            },
            {
              "Name": "Domain",
              "Value": ""
            },
            {
              "Name": "Maximum Length",
              "Value": "21"
            },
            {
              "Name": "NotNullMessage",
              "Value": ""
            },
            {
              "Name": "NullIndicator",
              "Value": ""
            },
            {
              "Name": "Prompt",
              "Value": ""
            },
            {
              "Name": "LOV type",
              "Value": ""
            }
          ],
          "Folders": null
        },
        {
          "Name": "CARDCODE",
          "Properties": [
            {
              "Name": "BaseTableDirective",
              "Value": ""
            },
            {
              "Name": "DataType",
              "Value": "varchar"
            },
            {
              "Name": "Decimal Places",
              "Value": "0"
            },
            {
              "Name": "Decription",
              "Value": ""
            },
            {
              "Name": "Default Value",
              "Value": ""
            },
            {
              "Name": "Domain",
              "Value": ""
            },
            {
              "Name": "Maximum Length",
              "Value": "30"
            },
            {
              "Name": "NotNullMessage",
              "Value": ""
            },
            {
              "Name": "NullIndicator",
              "Value": ""
            },
            {
              "Name": "Prompt",
              "Value": "Partnerk\u00F3d"
            },
            {
              "Name": "LOV type",
              "Value": "PARTNER"
            }
          ],
          "Folders": null
        },
        {
          "Name": "CELHELY",
          "Properties": [
            {
              "Name": "BaseTableDirective",
              "Value": ""
            },
            {
              "Name": "DataType",
              "Value": "nvarchar"
            },
            {
              "Name": "Decimal Places",
              "Value": "0"
            },
            {
              "Name": "Decription",
              "Value": ""
            },
            {
              "Name": "Default Value",
              "Value": ""
            },
            {
              "Name": "Domain",
              "Value": ""
            },
            {
              "Name": "Maximum Length",
              "Value": "1"
            },
            {
              "Name": "NotNullMessage",
              "Value": ""
            },
            {
              "Name": "NullIndicator",
              "Value": ""
            },
            {
              "Name": "Prompt",
              "Value": ""
            },
            {
              "Name": "LOV type",
              "Value": ""
            }
          ],
          "Folders": null
        },
        {
          "Name": "CURRENCY",
          "Properties": [
            {
              "Name": "BaseTableDirective",
              "Value": ""
            },
            {
              "Name": "DataType",
              "Value": "nvarchar"
            },
            {
              "Name": "Decimal Places",
              "Value": "0"
            },
            {
              "Name": "Decription",
              "Value": ""
            },
            {
              "Name": "Default Value",
              "Value": ""
            },
            {
              "Name": "Domain",
              "Value": ""
            },
            {
              "Name": "Maximum Length",
              "Value": "50"
            },
            {
              "Name": "NotNullMessage",
              "Value": ""
            },
            {
              "Name": "NullIndicator",
              "Value": ""
            },
            {
              "Name": "Prompt",
              "Value": "P\u00E9nznem"
            },
            {
              "Name": "LOV type",
              "Value": ""
            }
          ],
          "Folders": null
        },
        {
          "Name": "DOCDATE",
          "Properties": [
            {
              "Name": "BaseTableDirective",
              "Value": ""
            },
            {
              "Name": "DataType",
              "Value": "datetime"
            },
            {
              "Name": "Decimal Places",
              "Value": "3"
            },
            {
              "Name": "Decription",
              "Value": ""
            },
            {
              "Name": "Default Value",
              "Value": ""
            },
            {
              "Name": "Domain",
              "Value": ""
            },
            {
              "Name": "Maximum Length",
              "Value": "23"
            },
            {
              "Name": "NotNullMessage",
              "Value": ""
            },
            {
              "Name": "NullIndicator",
              "Value": ""
            },
            {
              "Name": "Prompt",
              "Value": ""
            },
            {
              "Name": "LOV type",
              "Value": ""
            }
          ],
          "Folders": null
        },
        {
          "Name": "FHO",
          "Properties": [
            {
              "Name": "BaseTableDirective",
              "Value": ""
            },
            {
              "Name": "DataType",
              "Value": "nvarchar"
            },
            {
              "Name": "Decimal Places",
              "Value": "0"
            },
            {
              "Name": "Decription",
              "Value": ""
            },
            {
              "Name": "Default Value",
              "Value": ""
            },
            {
              "Name": "Domain",
              "Value": ""
            },
            {
              "Name": "Maximum Length",
              "Value": "50"
            },
            {
              "Name": "NotNullMessage",
              "Value": ""
            },
            {
              "Name": "NullIndicator",
              "Value": ""
            },
            {
              "Name": "Prompt",
              "Value": ""
            },
            {
              "Name": "LOV type",
              "Value": ""
            }
          ],
          "Folders": null
        },
        {
          "Name": "FIZETESI_HATARIDO",
          "Properties": [
            {
              "Name": "BaseTableDirective",
              "Value": ""
            },
            {
              "Name": "DataType",
              "Value": "datetime"
            },
            {
              "Name": "Decimal Places",
              "Value": "3"
            },
            {
              "Name": "Decription",
              "Value": ""
            },
            {
              "Name": "Default Value",
              "Value": ""
            },
            {
              "Name": "Domain",
              "Value": ""
            },
            {
              "Name": "Maximum Length",
              "Value": "23"
            },
            {
              "Name": "NotNullMessage",
              "Value": ""
            },
            {
              "Name": "NullIndicator",
              "Value": ""
            },
            {
              "Name": "Prompt",
              "Value": "Fizet\u00E9si hat\u00E1rid\u0151"
            },
            {
              "Name": "LOV type",
              "Value": ""
            }
          ],
          "Folders": null
        },
        {
          "Name": "GENERALAS_DATUMA",
          "Properties": [
            {
              "Name": "BaseTableDirective",
              "Value": ""
            },
            {
              "Name": "DataType",
              "Value": "datetime"
            },
            {
              "Name": "Decimal Places",
              "Value": "3"
            },
            {
              "Name": "Decription",
              "Value": ""
            },
            {
              "Name": "Default Value",
              "Value": ""
            },
            {
              "Name": "Domain",
              "Value": ""
            },
            {
              "Name": "Maximum Length",
              "Value": "23"
            },
            {
              "Name": "NotNullMessage",
              "Value": ""
            },
            {
              "Name": "NullIndicator",
              "Value": ""
            },
            {
              "Name": "Prompt",
              "Value": ""
            },
            {
              "Name": "LOV type",
              "Value": ""
            }
          ],
          "Folders": null
        },
        {
          "Name": "ID",
          "Properties": [
            {
              "Name": "BaseTableDirective",
              "Value": ""
            },
            {
              "Name": "DataType",
              "Value": "int"
            },
            {
              "Name": "Decimal Places",
              "Value": "0"
            },
            {
              "Name": "Decription",
              "Value": ""
            },
            {
              "Name": "Default Value",
              "Value": ""
            },
            {
              "Name": "Domain",
              "Value": ""
            },
            {
              "Name": "Maximum Length",
              "Value": "10"
            },
            {
              "Name": "NotNullMessage",
              "Value": ""
            },
            {
              "Name": "NullIndicator",
              "Value": ""
            },
            {
              "Name": "Prompt",
              "Value": ""
            },
            {
              "Name": "LOV type",
              "Value": ""
            }
          ],
          "Folders": null
        },
        {
          "Name": "IKT_SZAM",
          "Properties": [
            {
              "Name": "BaseTableDirective",
              "Value": ""
            },
            {
              "Name": "DataType",
              "Value": "varchar"
            },
            {
              "Name": "Decimal Places",
              "Value": "0"
            },
            {
              "Name": "Decription",
              "Value": ""
            },
            {
              "Name": "Default Value",
              "Value": ""
            },
            {
              "Name": "Domain",
              "Value": ""
            },
            {
              "Name": "Maximum Length",
              "Value": "30"
            },
            {
              "Name": "NotNullMessage",
              "Value": ""
            },
            {
              "Name": "NullIndicator",
              "Value": ""
            },
            {
              "Name": "Prompt",
              "Value": "Iktat\u00F3sz\u00E1m"
            },
            {
              "Name": "LOV type",
              "Value": ""
            }
          ],
          "Folders": null
        },
        {
          "Name": "KULSO_BIZONYLAT",
          "Properties": [
            {
              "Name": "BaseTableDirective",
              "Value": ""
            },
            {
              "Name": "DataType",
              "Value": "varchar"
            },
            {
              "Name": "Decimal Places",
              "Value": "0"
            },
            {
              "Name": "Decription",
              "Value": ""
            },
            {
              "Name": "Default Value",
              "Value": ""
            },
            {
              "Name": "Domain",
              "Value": ""
            },
            {
              "Name": "Maximum Length",
              "Value": "2000"
            },
            {
              "Name": "NotNullMessage",
              "Value": ""
            },
            {
              "Name": "NullIndicator",
              "Value": ""
            },
            {
              "Name": "Prompt",
              "Value": "K\u00FCls\u0151 bizonylat"
            },
            {
              "Name": "LOV type",
              "Value": ""
            }
          ],
          "Folders": null
        },
        {
          "Name": "MEGJEGYZES",
          "Properties": [
            {
              "Name": "BaseTableDirective",
              "Value": ""
            },
            {
              "Name": "DataType",
              "Value": "varchar"
            },
            {
              "Name": "Decimal Places",
              "Value": "0"
            },
            {
              "Name": "Decription",
              "Value": ""
            },
            {
              "Name": "Default Value",
              "Value": ""
            },
            {
              "Name": "Domain",
              "Value": ""
            },
            {
              "Name": "Maximum Length",
              "Value": "2000"
            },
            {
              "Name": "NotNullMessage",
              "Value": ""
            },
            {
              "Name": "NullIndicator",
              "Value": ""
            },
            {
              "Name": "Prompt",
              "Value": ""
            },
            {
              "Name": "LOV type",
              "Value": ""
            }
          ],
          "Folders": null
        },
        {
          "Name": "NETTO_OSSZEG",
          "Properties": [
            {
              "Name": "BaseTableDirective",
              "Value": ""
            },
            {
              "Name": "DataType",
              "Value": "numeric"
            },
            {
              "Name": "Decimal Places",
              "Value": "9"
            },
            {
              "Name": "Decription",
              "Value": ""
            },
            {
              "Name": "Default Value",
              "Value": ""
            },
            {
              "Name": "Domain",
              "Value": ""
            },
            {
              "Name": "Maximum Length",
              "Value": "21"
            },
            {
              "Name": "NotNullMessage",
              "Value": ""
            },
            {
              "Name": "NullIndicator",
              "Value": ""
            },
            {
              "Name": "Prompt",
              "Value": ""
            },
            {
              "Name": "LOV type",
              "Value": ""
            }
          ],
          "Folders": null
        },
        {
          "Name": "ROGZ_DATUM",
          "Properties": [
            {
              "Name": "BaseTableDirective",
              "Value": ""
            },
            {
              "Name": "DataType",
              "Value": "datetime"
            },
            {
              "Name": "Decimal Places",
              "Value": "3"
            },
            {
              "Name": "Decription",
              "Value": ""
            },
            {
              "Name": "Default Value",
              "Value": ""
            },
            {
              "Name": "Domain",
              "Value": ""
            },
            {
              "Name": "Maximum Length",
              "Value": "23"
            },
            {
              "Name": "NotNullMessage",
              "Value": ""
            },
            {
              "Name": "NullIndicator",
              "Value": ""
            },
            {
              "Name": "Prompt",
              "Value": ""
            },
            {
              "Name": "LOV type",
              "Value": ""
            }
          ],
          "Folders": null
        },
        {
          "Name": "ROGZ_FELH",
          "Properties": [
            {
              "Name": "BaseTableDirective",
              "Value": ""
            },
            {
              "Name": "DataType",
              "Value": "varchar"
            },
            {
              "Name": "Decimal Places",
              "Value": "0"
            },
            {
              "Name": "Decription",
              "Value": ""
            },
            {
              "Name": "Default Value",
              "Value": ""
            },
            {
              "Name": "Domain",
              "Value": ""
            },
            {
              "Name": "Maximum Length",
              "Value": "30"
            },
            {
              "Name": "NotNullMessage",
              "Value": ""
            },
            {
              "Name": "NullIndicator",
              "Value": ""
            },
            {
              "Name": "Prompt",
              "Value": ""
            },
            {
              "Name": "LOV type",
              "Value": ""
            }
          ],
          "Folders": null
        },
        {
          "Name": "SERIESNAME",
          "Properties": [
            {
              "Name": "BaseTableDirective",
              "Value": ""
            },
            {
              "Name": "DataType",
              "Value": "nvarchar"
            },
            {
              "Name": "Decimal Places",
              "Value": "0"
            },
            {
              "Name": "Decription",
              "Value": ""
            },
            {
              "Name": "Default Value",
              "Value": ""
            },
            {
              "Name": "Domain",
              "Value": ""
            },
            {
              "Name": "Maximum Length",
              "Value": "50"
            },
            {
              "Name": "NotNullMessage",
              "Value": ""
            },
            {
              "Name": "NullIndicator",
              "Value": ""
            },
            {
              "Name": "Prompt",
              "Value": "Sz\u00E1mk\u00F6r"
            },
            {
              "Name": "LOV type",
              "Value": ""
            }
          ],
          "Folders": null
        },
        {
          "Name": "TAXDATE",
          "Properties": [
            {
              "Name": "BaseTableDirective",
              "Value": ""
            },
            {
              "Name": "DataType",
              "Value": "datetime"
            },
            {
              "Name": "Decimal Places",
              "Value": "3"
            },
            {
              "Name": "Decription",
              "Value": ""
            },
            {
              "Name": "Default Value",
              "Value": ""
            },
            {
              "Name": "Domain",
              "Value": ""
            },
            {
              "Name": "Maximum Length",
              "Value": "23"
            },
            {
              "Name": "NotNullMessage",
              "Value": ""
            },
            {
              "Name": "NullIndicator",
              "Value": ""
            },
            {
              "Name": "Prompt",
              "Value": ""
            },
            {
              "Name": "LOV type",
              "Value": ""
            }
          ],
          "Folders": null
        },
        {
          "Name": "TIPUS",
          "Properties": [
            {
              "Name": "BaseTableDirective",
              "Value": ""
            },
            {
              "Name": "DataType",
              "Value": "nvarchar"
            },
            {
              "Name": "Decimal Places",
              "Value": "0"
            },
            {
              "Name": "Decription",
              "Value": ""
            },
            {
              "Name": "Default Value",
              "Value": ""
            },
            {
              "Name": "Domain",
              "Value": ""
            },
            {
              "Name": "Maximum Length",
              "Value": "2"
            },
            {
              "Name": "NotNullMessage",
              "Value": ""
            },
            {
              "Name": "NullIndicator",
              "Value": ""
            },
            {
              "Name": "Prompt",
              "Value": ""
            },
            {
              "Name": "LOV type",
              "Value": ""
            }
          ],
          "Folders": null
        },
        {
          "Name": "TOVABBSZAMLAZ_E",
          "Properties": [
            {
              "Name": "BaseTableDirective",
              "Value": ""
            },
            {
              "Name": "DataType",
              "Value": "char"
            },
            {
              "Name": "Decimal Places",
              "Value": "0"
            },
            {
              "Name": "Decription",
              "Value": ""
            },
            {
              "Name": "Default Value",
              "Value": ""
            },
            {
              "Name": "Domain",
              "Value": ""
            },
            {
              "Name": "Maximum Length",
              "Value": "1"
            },
            {
              "Name": "NotNullMessage",
              "Value": ""
            },
            {
              "Name": "NullIndicator",
              "Value": ""
            },
            {
              "Name": "Prompt",
              "Value": ""
            },
            {
              "Name": "LOV type",
              "Value": ""
            }
          ],
          "Folders": null
        },
        {
          "Name": "VATDATE",
          "Properties": [
            {
              "Name": "BaseTableDirective",
              "Value": ""
            },
            {
              "Name": "DataType",
              "Value": "datetime"
            },
            {
              "Name": "Decimal Places",
              "Value": "3"
            },
            {
              "Name": "Decription",
              "Value": ""
            },
            {
              "Name": "Default Value",
              "Value": ""
            },
            {
              "Name": "Domain",
              "Value": ""
            },
            {
              "Name": "Maximum Length",
              "Value": "23"
            },
            {
              "Name": "NotNullMessage",
              "Value": ""
            },
            {
              "Name": "NullIndicator",
              "Value": ""
            },
            {
              "Name": "Prompt",
              "Value": ""
            },
            {
              "Name": "LOV type",
              "Value": ""
            }
          ],
          "Folders": null
        }
      ]
    },
    {
      "Name": "Keys",
      "Properties": null,
      "Folders": null
    }
  ]
}