{
  "Name": "SPC_UP_EMP_V",
  "Properties": [
    {
      "Name": "BaseTable",
      "Value": "DUAL"
    },
    {
      "Name": "Alias",
      "Value": "DOLGOZO"
    },
    {
      "Name": "SQLDefinition",
      "Value": ""
    },
    {
      "Name": "HANADefinition",
      "Value": ""
    }
  ],
  "Folders": [
    {
      "Name": "Columns",
      "Properties": null,
      "Folders": [
        {
          "Name": "empID",
          "Properties": [
            {
              "Name": "DataType",
              "Value": "int"
            },
            {
              "Name": "Maximum Length",
              "Value": ""
            },
            {
              "Name": "Decimal Places",
              "Value": ""
            },
            {
              "Name": "NullIndicator",
              "Value": ""
            },
            {
              "Name": "NotNullMessage",
              "Value": ""
            },
            {
              "Name": "Domain",
              "Value": ""
            },
            {
              "Name": "Default Value",
              "Value": ""
            },
            {
              "Name": "Prompt",
              "Value": "Dolgoz\u00F3 azon."
            },
            {
              "Name": "Decription",
              "Value": ""
            },
            {
              "Name": "LOV type",
              "Value": ""
            }
          ],
          "Folders": null
        },
        {
          "Name": "userId",
          "Properties": [
            {
              "Name": "DataType",
              "Value": "int"
            },
            {
              "Name": "Maximum Length",
              "Value": ""
            },
            {
              "Name": "Decimal Places",
              "Value": ""
            },
            {
              "Name": "NullIndicator",
              "Value": ""
            },
            {
              "Name": "NotNullMessage",
              "Value": ""
            },
            {
              "Name": "Domain",
              "Value": ""
            },
            {
              "Name": "Default Value",
              "Value": ""
            },
            {
              "Name": "Prompt",
              "Value": "Felhaszn\u00E1l\u00F3 azon."
            },
            {
              "Name": "Decription",
              "Value": ""
            },
            {
              "Name": "LOV type",
              "Value": ""
            }
          ],
          "Folders": null
        },
        {
          "Name": "EMP_NAME",
          "Properties": [
            {
              "Name": "DataType",
              "Value": "nvarchar"
            },
            {
              "Name": "Maximum Length",
              "Value": "200"
            },
            {
              "Name": "Decimal Places",
              "Value": ""
            },
            {
              "Name": "NullIndicator",
              "Value": ""
            },
            {
              "Name": "NotNullMessage",
              "Value": ""
            },
            {
              "Name": "Domain",
              "Value": ""
            },
            {
              "Name": "Default Value",
              "Value": ""
            },
            {
              "Name": "Prompt",
              "Value": "Dolgoz\u00F3"
            },
            {
              "Name": "Decription",
              "Value": ""
            },
            {
              "Name": "LOV type",
              "Value": ""
            }
          ],
          "Folders": null
        }
      ]
    }
  ]
}