{
  "Name": "SPC_UP_SLP_V",
  "Properties": [
    {
      "Name": "BaseTable",
      "Value": "DUAL"
    },
    {
      "Name": "Alias",
      "Value": "UZLETKOTO"
    },
    {
      "Name": "SQLDefinition",
      "Value": ""
    },
    {
      "Name": "HANADefinition",
      "Value": ""
    }
  ],
  "Folders": [
    {
      "Name": "Columns",
      "Properties": null,
      "Folders": [
        {
          "Name": "SlpCode",
          "Properties": [
            {
              "Name": "DataType",
              "Value": "int"
            },
            {
              "Name": "Maximum Length",
              "Value": ""
            },
            {
              "Name": "Decimal Places",
              "Value": ""
            },
            {
              "Name": "NullIndicator",
              "Value": ""
            },
            {
              "Name": "NotNullMessage",
              "Value": ""
            },
            {
              "Name": "Domain",
              "Value": ""
            },
            {
              "Name": "Default Value",
              "Value": ""
            },
            {
              "Name": "Prompt",
              "Value": "\u00DCzletk\u00F6t\u0151 k\u00F3d"
            },
            {
              "Name": "Decription",
              "Value": ""
            },
            {
              "Name": "LOV type",
              "Value": ""
            }
          ],
          "Folders": null
        },
        {
          "Name": "SlpName",
          "Properties": [
            {
              "Name": "DataType",
              "Value": "nvarchar"
            },
            {
              "Name": "Maximum Length",
              "Value": "200"
            },
            {
              "Name": "Decimal Places",
              "Value": ""
            },
            {
              "Name": "NullIndicator",
              "Value": ""
            },
            {
              "Name": "NotNullMessage",
              "Value": ""
            },
            {
              "Name": "Domain",
              "Value": ""
            },
            {
              "Name": "Default Value",
              "Value": ""
            },
            {
              "Name": "Prompt",
              "Value": "\u00DCzletk\u00F6t\u0151"
            },
            {
              "Name": "Decription",
              "Value": ""
            },
            {
              "Name": "LOV type",
              "Value": ""
            }
          ],
          "Folders": null
        },
        {
          "Name": "uzletkoto_rol",
          "Properties": [
            {
              "Name": "DataType",
              "Value": "nvarchar"
            },
            {
              "Name": "Maximum Length",
              "Value": "200"
            },
            {
              "Name": "Decimal Places",
              "Value": ""
            },
            {
              "Name": "NullIndicator",
              "Value": ""
            },
            {
              "Name": "NotNullMessage",
              "Value": ""
            },
            {
              "Name": "Domain",
              "Value": ""
            },
            {
              "Name": "Default Value",
              "Value": ""
            },
            {
              "Name": "Prompt",
              "Value": "\u00DCzletk\u00F6t\u0151r\u0151l"
            },
            {
              "Name": "Decription",
              "Value": ""
            },
            {
              "Name": "LOV type",
              "Value": ""
            }
          ],
          "Folders": null
        },
        {
          "Name": "uzletkoto_re",
          "Properties": [
            {
              "Name": "DataType",
              "Value": "nvarchar"
            },
            {
              "Name": "Maximum Length",
              "Value": "200"
            },
            {
              "Name": "Decimal Places",
              "Value": ""
            },
            {
              "Name": "NullIndicator",
              "Value": ""
            },
            {
              "Name": "NotNullMessage",
              "Value": ""
            },
            {
              "Name": "Domain",
              "Value": ""
            },
            {
              "Name": "Default Value",
              "Value": ""
            },
            {
              "Name": "Prompt",
              "Value": "\u00DCzletk\u00F6t\u0151re"
            },
            {
              "Name": "Decription",
              "Value": ""
            },
            {
              "Name": "LOV type",
              "Value": ""
            }
          ],
          "Folders": null
        },
        {
          "Name": "dolgozo_rol",
          "Properties": [
            {
              "Name": "DataType",
              "Value": "nvarchar"
            },
            {
              "Name": "Maximum Length",
              "Value": "200"
            },
            {
              "Name": "Decimal Places",
              "Value": ""
            },
            {
              "Name": "NullIndicator",
              "Value": ""
            },
            {
              "Name": "NotNullMessage",
              "Value": ""
            },
            {
              "Name": "Domain",
              "Value": ""
            },
            {
              "Name": "Default Value",
              "Value": ""
            },
            {
              "Name": "Prompt",
              "Value": "Dolgoz\u00F3r\u00F3l"
            },
            {
              "Name": "Decription",
              "Value": ""
            },
            {
              "Name": "LOV type",
              "Value": ""
            }
          ],
          "Folders": null
        },
        {
          "Name": "dolgozo_ra",
          "Properties": [
            {
              "Name": "DataType",
              "Value": "nvarchar"
            },
            {
              "Name": "Maximum Length",
              "Value": "200"
            },
            {
              "Name": "Decimal Places",
              "Value": ""
            },
            {
              "Name": "NullIndicator",
              "Value": ""
            },
            {
              "Name": "NotNullMessage",
              "Value": ""
            },
            {
              "Name": "Domain",
              "Value": ""
            },
            {
              "Name": "Default Value",
              "Value": ""
            },
            {
              "Name": "Prompt",
              "Value": "Dolgoz\u00F3ra"
            },
            {
              "Name": "Decription",
              "Value": ""
            },
            {
              "Name": "LOV type",
              "Value": ""
            }
          ],
          "Folders": null
        },
        {
          "Name": "uzletkoto",
          "Properties": [
            {
              "Name": "DataType",
              "Value": "nvarchar"
            },
            {
              "Name": "Maximum Length",
              "Value": "200"
            },
            {
              "Name": "Decimal Places",
              "Value": ""
            },
            {
              "Name": "NullIndicator",
              "Value": ""
            },
            {
              "Name": "NotNullMessage",
              "Value": ""
            },
            {
              "Name": "Domain",
              "Value": ""
            },
            {
              "Name": "Default Value",
              "Value": ""
            },
            {
              "Name": "Prompt",
              "Value": "\u00DCzletk\u00F6t\u0151"
            },
            {
              "Name": "Decription",
              "Value": ""
            },
            {
              "Name": "LOV type",
              "Value": ""
            }
          ],
          "Folders": null
        },
        {
          "Name": "dolgozo",
          "Properties": [
            {
              "Name": "DataType",
              "Value": "nvarchar"
            },
            {
              "Name": "Maximum Length",
              "Value": "200"
            },
            {
              "Name": "Decimal Places",
              "Value": ""
            },
            {
              "Name": "NullIndicator",
              "Value": ""
            },
            {
              "Name": "NotNullMessage",
              "Value": ""
            },
            {
              "Name": "Domain",
              "Value": ""
            },
            {
              "Name": "Default Value",
              "Value": ""
            },
            {
              "Name": "Prompt",
              "Value": "Dolgoz\u00F3"
            },
            {
              "Name": "Decription",
              "Value": ""
            },
            {
              "Name": "LOV type",
              "Value": ""
            }
          ],
          "Folders": null
        }
      ]
    }
  ]
}