{
  "Name": "SPC_F_IKT_ABS_V",
  "Properties": [
    {
      "Name": "Alias",
      "Value": "IKT_ABS"
    },
    {
      "Name": "BaseTable",
      "Value": "SPC_IKT_ABS"
    },
    {
      "Name": "HANADefinition",
      "Value": ""
    },
    {
      "Name": "SQLDefinition",
      "Value": ""
    }
  ],
  "Folders": [
    {
      "Name": "Columns",
      "Properties": null,
      "Folders": [
        {
          "Name": "DOCNUM",
          "Properties": [
            {
              "Name": "DataType",
              "Value": "int"
            },
            {
              "Name": "Decimal Places",
              "Value": ""
            },
            {
              "Name": "Decription",
              "Value": ""
            },
            {
              "Name": "Default Value",
              "Value": ""
            },
            {
              "Name": "Domain",
              "Value": ""
            },
            {
              "Name": "Maximum Length",
              "Value": "200"
            },
            {
              "Name": "NotNullMessage",
              "Value": ""
            },
            {
              "Name": "NullIndicator",
              "Value": ""
            },
            {
              "Name": "Prompt",
              "Value": "Bizonylatsz\u00E1m"
            },
            {
              "Name": "LOV type",
              "Value": ""
            }
          ],
          "Folders": null
        },
        {
          "Name": "DOCTOTAL",
          "Properties": [
            {
              "Name": "DataType",
              "Value": "numeric"
            },
            {
              "Name": "Decimal Places",
              "Value": ""
            },
            {
              "Name": "Decription",
              "Value": ""
            },
            {
              "Name": "Default Value",
              "Value": ""
            },
            {
              "Name": "Domain",
              "Value": ""
            },
            {
              "Name": "Maximum Length",
              "Value": "200"
            },
            {
              "Name": "NotNullMessage",
              "Value": ""
            },
            {
              "Name": "NullIndicator",
              "Value": ""
            },
            {
              "Name": "Prompt",
              "Value": "Brutt\u00F3 \u00F6sszeg"
            },
            {
              "Name": "LOV type",
              "Value": ""
            }
          ],
          "Folders": null
        },
        {
          "Name": "NUMATCARD",
          "Properties": [
            {
              "Name": "DataType",
              "Value": "nvarchar"
            },
            {
              "Name": "Decimal Places",
              "Value": ""
            },
            {
              "Name": "Decription",
              "Value": ""
            },
            {
              "Name": "Default Value",
              "Value": ""
            },
            {
              "Name": "Domain",
              "Value": ""
            },
            {
              "Name": "Maximum Length",
              "Value": "200"
            },
            {
              "Name": "NotNullMessage",
              "Value": ""
            },
            {
              "Name": "NullIndicator",
              "Value": ""
            },
            {
              "Name": "Prompt",
              "Value": "K\u00FCls\u0151 bizonylat"
            },
            {
              "Name": "LOV type",
              "Value": ""
            }
          ],
          "Folders": null
        }
      ]
    }
  ]
}