{
  "Name": "CIKKINF",
  "Properties": [
    {
      "Name": "Title",
      "Value": "R\u00E9szletes cikk inform\u00E1ci\u00F3k"
    },
    {
      "Name": "Plural",
      "Value": ""
    }
  ],
  "Folders": [
    {
      "Name": "Blocks",
      "Properties": null,
      "Folders": [
        {
          "Name": "CIKKINF",
          "Properties": [
            {
              "Name": "BaseView",
              "Value": "SPC_F_CIKKINF_CIKKINF_V"
            },
            {
              "Name": "BaseTable",
              "Value": "SPC_CIKK_INFOK"
            },
            {
              "Name": "Plural",
              "Value": "CIKKINFS"
            },
            {
              "Name": "RowNum",
              "Value": "0"
            },
            {
              "Name": "Grid",
              "Value": "0"
            },
            {
              "Name": "Height",
              "Value": ""
            },
            {
              "Name": "Title",
              "Value": ""
            },
            {
              "Name": "AllowAdding",
              "Value": "1"
            },
            {
              "Name": "AllowEditing",
              "Value": "1"
            },
            {
              "Name": "AllowDeleting",
              "Value": "1"
            }
          ],
          "Folders": [
            {
              "Name": "Columns",
              "Properties": null,
              "Folders": [
                {
                  "Name": "ITEMCODE",
                  "Properties": [
                    {
                      "Name": "DataType",
                      "Value": "nvarchar"
                    },
                    {
                      "Name": "Maximum Length",
                      "Value": "50"
                    },
                    {
                      "Name": "Decimal Places",
                      "Value": "0"
                    },
                    {
                      "Name": "NullIndicator",
                      "Value": ""
                    },
                    {
                      "Name": "NotNullMessage",
                      "Value": ""
                    },
                    {
                      "Name": "Domain",
                      "Value": ""
                    },
                    {
                      "Name": "Default Value",
                      "Value": ""
                    },
                    {
                      "Name": "Prompt",
                      "Value": "Cikksz\u00E1m"
                    },
                    {
                      "Name": "Decription",
                      "Value": ""
                    },
                    {
                      "Name": "BaseTableDirective",
                      "Value": ""
                    },
                    {
                      "Name": "LOV type",
                      "Value": ""
                    },
                    {
                      "Name": "ReadOnly",
                      "Value": ""
                    },
                    {
                      "Name": "Width",
                      "Value": ""
                    },
                    {
                      "Name": "MiscAttributes",
                      "Value": ""
                    },
                    {
                      "Name": "Template",
                      "Value": ""
                    },
                    {
                      "Name": "EditTemplate",
                      "Value": ""
                    }
                  ],
                  "Folders": null
                },
                {
                  "Name": "ITEMNAME",
                  "Properties": [
                    {
                      "Name": "DataType",
                      "Value": "nvarchar"
                    },
                    {
                      "Name": "Maximum Length",
                      "Value": "50"
                    },
                    {
                      "Name": "Decimal Places",
                      "Value": ""
                    },
                    {
                      "Name": "NullIndicator",
                      "Value": ""
                    },
                    {
                      "Name": "NotNullMessage",
                      "Value": ""
                    },
                    {
                      "Name": "Domain",
                      "Value": ""
                    },
                    {
                      "Name": "Default Value",
                      "Value": ""
                    },
                    {
                      "Name": "Prompt",
                      "Value": "Term\u00E9k n\u00E9v"
                    },
                    {
                      "Name": "Decription",
                      "Value": ""
                    },
                    {
                      "Name": "BaseTableDirective",
                      "Value": ""
                    },
                    {
                      "Name": "LOV type",
                      "Value": ""
                    },
                    {
                      "Name": "ReadOnly",
                      "Value": ""
                    },
                    {
                      "Name": "Width",
                      "Value": ""
                    },
                    {
                      "Name": "MiscAttributes",
                      "Value": ""
                    },
                    {
                      "Name": "Template",
                      "Value": ""
                    },
                    {
                      "Name": "EditTemplate",
                      "Value": ""
                    }
                  ],
                  "Folders": null
                },
                {
                  "Name": "TERMEKCSOPORT",
                  "Properties": [
                    {
                      "Name": "DataType",
                      "Value": "nvarchar"
                    },
                    {
                      "Name": "Maximum Length",
                      "Value": "100"
                    },
                    {
                      "Name": "Decimal Places",
                      "Value": "0"
                    },
                    {
                      "Name": "NullIndicator",
                      "Value": ""
                    },
                    {
                      "Name": "NotNullMessage",
                      "Value": ""
                    },
                    {
                      "Name": "Domain",
                      "Value": ""
                    },
                    {
                      "Name": "Default Value",
                      "Value": ""
                    },
                    {
                      "Name": "Prompt",
                      "Value": "Term\u00E9k csoport"
                    },
                    {
                      "Name": "Decription",
                      "Value": ""
                    },
                    {
                      "Name": "BaseTableDirective",
                      "Value": ""
                    },
                    {
                      "Name": "LOV type",
                      "Value": ""
                    },
                    {
                      "Name": "ReadOnly",
                      "Value": ""
                    },
                    {
                      "Name": "Width",
                      "Value": ""
                    },
                    {
                      "Name": "MiscAttributes",
                      "Value": ""
                    },
                    {
                      "Name": "Template",
                      "Value": ""
                    },
                    {
                      "Name": "EditTemplate",
                      "Value": ""
                    }
                  ],
                  "Folders": null
                },
                {
                  "Name": "TAROLAS",
                  "Properties": [
                    {
                      "Name": "DataType",
                      "Value": "nvarchar"
                    },
                    {
                      "Name": "Maximum Length",
                      "Value": "100"
                    },
                    {
                      "Name": "Decimal Places",
                      "Value": "0"
                    },
                    {
                      "Name": "NullIndicator",
                      "Value": ""
                    },
                    {
                      "Name": "NotNullMessage",
                      "Value": ""
                    },
                    {
                      "Name": "Domain",
                      "Value": ""
                    },
                    {
                      "Name": "Default Value",
                      "Value": ""
                    },
                    {
                      "Name": "Prompt",
                      "Value": "T\u00E1rol\u00E1s"
                    },
                    {
                      "Name": "Decription",
                      "Value": ""
                    },
                    {
                      "Name": "BaseTableDirective",
                      "Value": ""
                    },
                    {
                      "Name": "LOV type",
                      "Value": ""
                    },
                    {
                      "Name": "ReadOnly",
                      "Value": ""
                    },
                    {
                      "Name": "Width",
                      "Value": ""
                    },
                    {
                      "Name": "MiscAttributes",
                      "Value": ""
                    },
                    {
                      "Name": "Template",
                      "Value": ""
                    },
                    {
                      "Name": "EditTemplate",
                      "Value": ""
                    }
                  ],
                  "Folders": null
                },
                {
                  "Name": "OSSZETEVOK",
                  "Properties": [
                    {
                      "Name": "DataType",
                      "Value": "nvarchar"
                    },
                    {
                      "Name": "Maximum Length",
                      "Value": "300"
                    },
                    {
                      "Name": "Decimal Places",
                      "Value": "0"
                    },
                    {
                      "Name": "NullIndicator",
                      "Value": ""
                    },
                    {
                      "Name": "NotNullMessage",
                      "Value": ""
                    },
                    {
                      "Name": "Domain",
                      "Value": ""
                    },
                    {
                      "Name": "Default Value",
                      "Value": ""
                    },
                    {
                      "Name": "Prompt",
                      "Value": "\u00D6sszetev\u0151k"
                    },
                    {
                      "Name": "Decription",
                      "Value": ""
                    },
                    {
                      "Name": "BaseTableDirective",
                      "Value": ""
                    },
                    {
                      "Name": "LOV type",
                      "Value": ""
                    },
                    {
                      "Name": "ReadOnly",
                      "Value": ""
                    },
                    {
                      "Name": "Width",
                      "Value": ""
                    },
                    {
                      "Name": "MiscAttributes",
                      "Value": ""
                    },
                    {
                      "Name": "Template",
                      "Value": ""
                    },
                    {
                      "Name": "EditTemplate",
                      "Value": ""
                    }
                  ],
                  "Folders": null
                },
                {
                  "Name": "MARKA",
                  "Properties": [
                    {
                      "Name": "DataType",
                      "Value": "nvarchar"
                    },
                    {
                      "Name": "Maximum Length",
                      "Value": "50"
                    },
                    {
                      "Name": "Decimal Places",
                      "Value": "0"
                    },
                    {
                      "Name": "NullIndicator",
                      "Value": ""
                    },
                    {
                      "Name": "NotNullMessage",
                      "Value": ""
                    },
                    {
                      "Name": "Domain",
                      "Value": ""
                    },
                    {
                      "Name": "Default Value",
                      "Value": ""
                    },
                    {
                      "Name": "Prompt",
                      "Value": "M\u00E1rka"
                    },
                    {
                      "Name": "Decription",
                      "Value": ""
                    },
                    {
                      "Name": "BaseTableDirective",
                      "Value": ""
                    },
                    {
                      "Name": "LOV type",
                      "Value": ""
                    },
                    {
                      "Name": "ReadOnly",
                      "Value": ""
                    },
                    {
                      "Name": "Width",
                      "Value": ""
                    },
                    {
                      "Name": "MiscAttributes",
                      "Value": ""
                    },
                    {
                      "Name": "Template",
                      "Value": ""
                    },
                    {
                      "Name": "EditTemplate",
                      "Value": ""
                    }
                  ],
                  "Folders": null
                },
                {
                  "Name": "TAPERTEK",
                  "Properties": [
                    {
                      "Name": "DataType",
                      "Value": "nvarchar"
                    },
                    {
                      "Name": "Maximum Length",
                      "Value": "300"
                    },
                    {
                      "Name": "Decimal Places",
                      "Value": "0"
                    },
                    {
                      "Name": "NullIndicator",
                      "Value": ""
                    },
                    {
                      "Name": "NotNullMessage",
                      "Value": ""
                    },
                    {
                      "Name": "Domain",
                      "Value": ""
                    },
                    {
                      "Name": "Default Value",
                      "Value": ""
                    },
                    {
                      "Name": "Prompt",
                      "Value": "T\u00E1p\u00E9rt\u00E9k"
                    },
                    {
                      "Name": "Decription",
                      "Value": ""
                    },
                    {
                      "Name": "BaseTableDirective",
                      "Value": ""
                    },
                    {
                      "Name": "LOV type",
                      "Value": ""
                    },
                    {
                      "Name": "ReadOnly",
                      "Value": ""
                    },
                    {
                      "Name": "Width",
                      "Value": ""
                    },
                    {
                      "Name": "MiscAttributes",
                      "Value": ""
                    },
                    {
                      "Name": "Template",
                      "Value": ""
                    },
                    {
                      "Name": "EditTemplate",
                      "Value": ""
                    }
                  ],
                  "Folders": null
                },
                {
                  "Name": "PLECSNIK",
                  "Properties": [
                    {
                      "Name": "DataType",
                      "Value": "nvarchar"
                    },
                    {
                      "Name": "Maximum Length",
                      "Value": "2000"
                    },
                    {
                      "Name": "Decimal Places",
                      "Value": "0"
                    },
                    {
                      "Name": "NullIndicator",
                      "Value": ""
                    },
                    {
                      "Name": "NotNullMessage",
                      "Value": ""
                    },
                    {
                      "Name": "Domain",
                      "Value": ""
                    },
                    {
                      "Name": "Default Value",
                      "Value": ""
                    },
                    {
                      "Name": "Prompt",
                      "Value": "Plecsnik"
                    },
                    {
                      "Name": "Decription",
                      "Value": ""
                    },
                    {
                      "Name": "BaseTableDirective",
                      "Value": ""
                    },
                    {
                      "Name": "LOV type",
                      "Value": ""
                    },
                    {
                      "Name": "ReadOnly",
                      "Value": ""
                    },
                    {
                      "Name": "Width",
                      "Value": ""
                    },
                    {
                      "Name": "MiscAttributes",
                      "Value": ""
                    },
                    {
                      "Name": "Template",
                      "Value": ""
                    },
                    {
                      "Name": "EditTemplate",
                      "Value": ""
                    }
                  ],
                  "Folders": null
                }
              ]
            },
            {
              "Name": "DetailBlocks",
              "Properties": null,
              "Folders": null
            }
          ]
        }
      ]
    }
  ]
}