{
  "Name": "EMAILIKT",
  "Properties": [
    {
      "Name": "Title",
      "Value": ""
    },
    {
      "Name": "Plural",
      "Value": ""
    }
  ],
  "Folders": [
    {
      "Name": "Blocks",
      "Properties": null,
      "Folders": [
        {
          "Name": "EIS",
          "Properties": [
            {
              "Name": "BaseView",
              "Value": "SPC_F_EIS_EIS_V"
            },
            {
              "Name": "BaseTable",
              "Value": "SPC_EMAIL_IKTATASOK"
            },
            {
              "Name": "Plural",
              "Value": "EMAILIKTS"
            },
            {
              "Name": "RowNum",
              "Value": "0"
            },
            {
              "Name": "Grid",
              "Value": "1"
            },
            {
              "Name": "Height",
              "Value": "700"
            },
            {
              "Name": "Title",
              "Value": ""
            },
            {
              "Name": "AllowAdding",
              "Value": "0"
            },
            {
              "Name": "AllowEditing",
              "Value": "0"
            },
            {
              "Name": "AllowDeleting",
              "Value": "0"
            }
          ],
          "Folders": [
            {
              "Name": "DetailBlocks",
              "Properties": null,
              "Folders": null
            },
            {
              "Name": "Columns",
              "Properties": null,
              "Folders": [
                {
                  "Name": "BIZSZAM",
                  "Properties": [
                    {
                      "Name": "DataType",
                      "Value": "nvarchar"
                    },
                    {
                      "Name": "Maximum Length",
                      "Value": ""
                    },
                    {
                      "Name": "Decimal Places",
                      "Value": ""
                    },
                    {
                      "Name": "NullIndicator",
                      "Value": "0"
                    },
                    {
                      "Name": "NotNullMessage",
                      "Value": ""
                    },
                    {
                      "Name": "Domain",
                      "Value": ""
                    },
                    {
                      "Name": "Default Value",
                      "Value": ""
                    },
                    {
                      "Name": "Prompt",
                      "Value": "Ikt.sz\u00E1m"
                    },
                    {
                      "Name": "Decription",
                      "Value": ""
                    },
                    {
                      "Name": "BaseTableDirective",
                      "Value": ""
                    },
                    {
                      "Name": "LOV type",
                      "Value": ""
                    },
                    {
                      "Name": "ReadOnly",
                      "Value": "1"
                    },
                    {
                      "Name": "Width",
                      "Value": "100"
                    },
                    {
                      "Name": "MiscAttributes",
                      "Value": ""
                    },
                    {
                      "Name": "Template",
                      "Value": ""
                    },
                    {
                      "Name": "EditTemplate",
                      "Value": ""
                    }
                  ],
                  "Folders": null
                },
                {
                  "Name": "TIPUS",
                  "Properties": [
                    {
                      "Name": "DataType",
                      "Value": "nvarchar"
                    },
                    {
                      "Name": "Maximum Length",
                      "Value": "10"
                    },
                    {
                      "Name": "Decimal Places",
                      "Value": "0"
                    },
                    {
                      "Name": "NullIndicator",
                      "Value": "0"
                    },
                    {
                      "Name": "NotNullMessage",
                      "Value": ""
                    },
                    {
                      "Name": "Domain",
                      "Value": ""
                    },
                    {
                      "Name": "Default Value",
                      "Value": ""
                    },
                    {
                      "Name": "Prompt",
                      "Value": ""
                    },
                    {
                      "Name": "Decription",
                      "Value": ""
                    },
                    {
                      "Name": "BaseTableDirective",
                      "Value": ""
                    },
                    {
                      "Name": "LOV type",
                      "Value": ""
                    },
                    {
                      "Name": "ReadOnly",
                      "Value": "1"
                    },
                    {
                      "Name": "Width",
                      "Value": ""
                    },
                    {
                      "Name": "MiscAttributes",
                      "Value": ""
                    },
                    {
                      "Name": "Template",
                      "Value": ""
                    },
                    {
                      "Name": "EditTemplate",
                      "Value": ""
                    }
                  ],
                  "Folders": null
                },
                {
                  "Name": "STATUSZ",
                  "Properties": [
                    {
                      "Name": "DataType",
                      "Value": "char"
                    },
                    {
                      "Name": "Maximum Length",
                      "Value": "1"
                    },
                    {
                      "Name": "Decimal Places",
                      "Value": "0"
                    },
                    {
                      "Name": "NullIndicator",
                      "Value": "0"
                    },
                    {
                      "Name": "NotNullMessage",
                      "Value": ""
                    },
                    {
                      "Name": "Domain",
                      "Value": ""
                    },
                    {
                      "Name": "Default Value",
                      "Value": ""
                    },
                    {
                      "Name": "Prompt",
                      "Value": "St\u00E1tusz"
                    },
                    {
                      "Name": "Decription",
                      "Value": ""
                    },
                    {
                      "Name": "BaseTableDirective",
                      "Value": ""
                    },
                    {
                      "Name": "LOV type",
                      "Value": ""
                    },
                    {
                      "Name": "ReadOnly",
                      "Value": "1"
                    },
                    {
                      "Name": "Width",
                      "Value": "90"
                    },
                    {
                      "Name": "MiscAttributes",
                      "Value": ""
                    },
                    {
                      "Name": "Template",
                      "Value": "@GetDomainMean(\u0022EIKT_STATUSZ\u0022, (context as SPC_F_EIS_EIS_VView).statusz);"
                    },
                    {
                      "Name": "EditTemplate",
                      "Value": ""
                    }
                  ],
                  "Folders": null
                },
                {
                  "Name": "CARDCODE",
                  "Properties": [
                    {
                      "Name": "DataType",
                      "Value": "nvarchar"
                    },
                    {
                      "Name": "Maximum Length",
                      "Value": "50"
                    },
                    {
                      "Name": "Decimal Places",
                      "Value": "0"
                    },
                    {
                      "Name": "NullIndicator",
                      "Value": "1"
                    },
                    {
                      "Name": "NotNullMessage",
                      "Value": ""
                    },
                    {
                      "Name": "Domain",
                      "Value": ""
                    },
                    {
                      "Name": "Default Value",
                      "Value": ""
                    },
                    {
                      "Name": "Prompt",
                      "Value": "\u00DCP.k\u00F3d"
                    },
                    {
                      "Name": "Decription",
                      "Value": ""
                    },
                    {
                      "Name": "BaseTableDirective",
                      "Value": ""
                    },
                    {
                      "Name": "LOV type",
                      "Value": "PARTNER"
                    },
                    {
                      "Name": "ReadOnly",
                      "Value": "1"
                    },
                    {
                      "Name": "Width",
                      "Value": "100"
                    },
                    {
                      "Name": "MiscAttributes",
                      "Value": ""
                    },
                    {
                      "Name": "Template",
                      "Value": ""
                    },
                    {
                      "Name": "EditTemplate",
                      "Value": ""
                    }
                  ],
                  "Folders": null
                },
                {
                  "Name": "CARDNAME",
                  "Properties": [
                    {
                      "Name": "DataType",
                      "Value": "nvarchar"
                    },
                    {
                      "Name": "Maximum Length",
                      "Value": ""
                    },
                    {
                      "Name": "Decimal Places",
                      "Value": ""
                    },
                    {
                      "Name": "NullIndicator",
                      "Value": ""
                    },
                    {
                      "Name": "NotNullMessage",
                      "Value": ""
                    },
                    {
                      "Name": "Domain",
                      "Value": ""
                    },
                    {
                      "Name": "Default Value",
                      "Value": ""
                    },
                    {
                      "Name": "Prompt",
                      "Value": "\u00DCP.n\u00E9v"
                    },
                    {
                      "Name": "Decription",
                      "Value": ""
                    },
                    {
                      "Name": "BaseTableDirective",
                      "Value": ""
                    },
                    {
                      "Name": "LOV type",
                      "Value": ""
                    },
                    {
                      "Name": "ReadOnly",
                      "Value": "1"
                    },
                    {
                      "Name": "Width",
                      "Value": "200"
                    },
                    {
                      "Name": "MiscAttributes",
                      "Value": ""
                    },
                    {
                      "Name": "Template",
                      "Value": ""
                    },
                    {
                      "Name": "EditTemplate",
                      "Value": ""
                    }
                  ],
                  "Folders": null
                },
                {
                  "Name": "CIMZETTEK",
                  "Properties": [
                    {
                      "Name": "DataType",
                      "Value": "nvarchar"
                    },
                    {
                      "Name": "Maximum Length",
                      "Value": "512"
                    },
                    {
                      "Name": "Decimal Places",
                      "Value": "0"
                    },
                    {
                      "Name": "NullIndicator",
                      "Value": "0"
                    },
                    {
                      "Name": "NotNullMessage",
                      "Value": ""
                    },
                    {
                      "Name": "Domain",
                      "Value": ""
                    },
                    {
                      "Name": "Default Value",
                      "Value": ""
                    },
                    {
                      "Name": "Prompt",
                      "Value": "C\u00EDmzettek"
                    },
                    {
                      "Name": "Decription",
                      "Value": ""
                    },
                    {
                      "Name": "BaseTableDirective",
                      "Value": ""
                    },
                    {
                      "Name": "LOV type",
                      "Value": ""
                    },
                    {
                      "Name": "ReadOnly",
                      "Value": "1"
                    },
                    {
                      "Name": "Width",
                      "Value": "250"
                    },
                    {
                      "Name": "MiscAttributes",
                      "Value": ""
                    },
                    {
                      "Name": "Template",
                      "Value": ""
                    },
                    {
                      "Name": "EditTemplate",
                      "Value": ""
                    }
                  ],
                  "Folders": null
                },
                {
                  "Name": "LETREHOZAS_IDOPONT",
                  "Properties": [
                    {
                      "Name": "DataType",
                      "Value": "datetime"
                    },
                    {
                      "Name": "Maximum Length",
                      "Value": "23"
                    },
                    {
                      "Name": "Decimal Places",
                      "Value": "3"
                    },
                    {
                      "Name": "NullIndicator",
                      "Value": "0"
                    },
                    {
                      "Name": "NotNullMessage",
                      "Value": ""
                    },
                    {
                      "Name": "Domain",
                      "Value": ""
                    },
                    {
                      "Name": "Default Value",
                      "Value": ""
                    },
                    {
                      "Name": "Prompt",
                      "Value": "L\u00E9trehozva"
                    },
                    {
                      "Name": "Decription",
                      "Value": ""
                    },
                    {
                      "Name": "BaseTableDirective",
                      "Value": ""
                    },
                    {
                      "Name": "LOV type",
                      "Value": ""
                    },
                    {
                      "Name": "ReadOnly",
                      "Value": "1"
                    },
                    {
                      "Name": "Width",
                      "Value": "120"
                    },
                    {
                      "Name": "MiscAttributes",
                      "Value": ""
                    },
                    {
                      "Name": "Template",
                      "Value": ""
                    },
                    {
                      "Name": "EditTemplate",
                      "Value": ""
                    }
                  ],
                  "Folders": null
                },
                {
                  "Name": "KULDESI_IDOPONT",
                  "Properties": [
                    {
                      "Name": "DataType",
                      "Value": "datetime"
                    },
                    {
                      "Name": "Maximum Length",
                      "Value": "23"
                    },
                    {
                      "Name": "Decimal Places",
                      "Value": "3"
                    },
                    {
                      "Name": "NullIndicator",
                      "Value": "1"
                    },
                    {
                      "Name": "NotNullMessage",
                      "Value": ""
                    },
                    {
                      "Name": "Domain",
                      "Value": ""
                    },
                    {
                      "Name": "Default Value",
                      "Value": ""
                    },
                    {
                      "Name": "Prompt",
                      "Value": "Kik\u00FCldve"
                    },
                    {
                      "Name": "Decription",
                      "Value": ""
                    },
                    {
                      "Name": "BaseTableDirective",
                      "Value": ""
                    },
                    {
                      "Name": "LOV type",
                      "Value": ""
                    },
                    {
                      "Name": "ReadOnly",
                      "Value": "1"
                    },
                    {
                      "Name": "Width",
                      "Value": "120"
                    },
                    {
                      "Name": "MiscAttributes",
                      "Value": ""
                    },
                    {
                      "Name": "Template",
                      "Value": ""
                    },
                    {
                      "Name": "EditTemplate",
                      "Value": ""
                    }
                  ],
                  "Folders": null
                },
                {
                  "Name": "EMAIL_SUBJECT",
                  "Properties": [
                    {
                      "Name": "DataType",
                      "Value": "nvarchar"
                    },
                    {
                      "Name": "Maximum Length",
                      "Value": "512"
                    },
                    {
                      "Name": "Decimal Places",
                      "Value": "0"
                    },
                    {
                      "Name": "NullIndicator",
                      "Value": "0"
                    },
                    {
                      "Name": "NotNullMessage",
                      "Value": ""
                    },
                    {
                      "Name": "Domain",
                      "Value": ""
                    },
                    {
                      "Name": "Default Value",
                      "Value": ""
                    },
                    {
                      "Name": "Prompt",
                      "Value": "Email t\u00E1rgya"
                    },
                    {
                      "Name": "Decription",
                      "Value": ""
                    },
                    {
                      "Name": "BaseTableDirective",
                      "Value": ""
                    },
                    {
                      "Name": "LOV type",
                      "Value": ""
                    },
                    {
                      "Name": "ReadOnly",
                      "Value": "1"
                    },
                    {
                      "Name": "Width",
                      "Value": "220"
                    },
                    {
                      "Name": "MiscAttributes",
                      "Value": ""
                    },
                    {
                      "Name": "Template",
                      "Value": ""
                    },
                    {
                      "Name": "EditTemplate",
                      "Value": ""
                    }
                  ],
                  "Folders": null
                },
                {
                  "Name": "HIBA",
                  "Properties": [
                    {
                      "Name": "DataType",
                      "Value": "nvarchar"
                    },
                    {
                      "Name": "Maximum Length",
                      "Value": "2000"
                    },
                    {
                      "Name": "Decimal Places",
                      "Value": "0"
                    },
                    {
                      "Name": "NullIndicator",
                      "Value": "1"
                    },
                    {
                      "Name": "NotNullMessage",
                      "Value": ""
                    },
                    {
                      "Name": "Domain",
                      "Value": ""
                    },
                    {
                      "Name": "Default Value",
                      "Value": ""
                    },
                    {
                      "Name": "Prompt",
                      "Value": "Hiba"
                    },
                    {
                      "Name": "Decription",
                      "Value": ""
                    },
                    {
                      "Name": "BaseTableDirective",
                      "Value": ""
                    },
                    {
                      "Name": "LOV type",
                      "Value": ""
                    },
                    {
                      "Name": "ReadOnly",
                      "Value": "1"
                    },
                    {
                      "Name": "Width",
                      "Value": "170"
                    },
                    {
                      "Name": "MiscAttributes",
                      "Value": ""
                    },
                    {
                      "Name": "Template",
                      "Value": ""
                    },
                    {
                      "Name": "EditTemplate",
                      "Value": ""
                    }
                  ],
                  "Folders": null
                },
                {
                  "Name": "UTVONAL1",
                  "Properties": [
                    {
                      "Name": "DataType",
                      "Value": "nvarchar"
                    },
                    {
                      "Name": "Maximum Length",
                      "Value": ""
                    },
                    {
                      "Name": "Decimal Places",
                      "Value": ""
                    },
                    {
                      "Name": "NullIndicator",
                      "Value": ""
                    },
                    {
                      "Name": "NotNullMessage",
                      "Value": ""
                    },
                    {
                      "Name": "Domain",
                      "Value": ""
                    },
                    {
                      "Name": "Default Value",
                      "Value": ""
                    },
                    {
                      "Name": "Prompt",
                      "Value": "Csat1"
                    },
                    {
                      "Name": "Decription",
                      "Value": ""
                    },
                    {
                      "Name": "BaseTableDirective",
                      "Value": ""
                    },
                    {
                      "Name": "LOV type",
                      "Value": ""
                    },
                    {
                      "Name": "ReadOnly",
                      "Value": "1"
                    },
                    {
                      "Name": "Width",
                      "Value": "40"
                    },
                    {
                      "Name": "MiscAttributes",
                      "Value": ""
                    },
                    {
                      "Name": "Template",
                      "Value": "var rec = (context as SPC_F_EIS_EIS_VView); string l_url = MasterDetail.Custom.Helper.BackendUrl \u002B $\u0022emailiktform/csat/{rec.id}/1\u0022; bool l_hidden = (string.IsNullOrWhiteSpace(rec.utvonal1)); \u003Ca href=\u0022@l_url\u0022 hidden=\u0022@l_hidden\u0022\u003Elink\u003C/a\u003E"
                    },
                    {
                      "Name": "EditTemplate",
                      "Value": ""
                    }
                  ],
                  "Folders": null
                },
                {
                  "Name": "UTVONAL2",
                  "Properties": [
                    {
                      "Name": "DataType",
                      "Value": "nvarchar"
                    },
                    {
                      "Name": "Maximum Length",
                      "Value": ""
                    },
                    {
                      "Name": "Decimal Places",
                      "Value": ""
                    },
                    {
                      "Name": "NullIndicator",
                      "Value": ""
                    },
                    {
                      "Name": "NotNullMessage",
                      "Value": ""
                    },
                    {
                      "Name": "Domain",
                      "Value": ""
                    },
                    {
                      "Name": "Default Value",
                      "Value": ""
                    },
                    {
                      "Name": "Prompt",
                      "Value": "Csat2"
                    },
                    {
                      "Name": "Decription",
                      "Value": ""
                    },
                    {
                      "Name": "BaseTableDirective",
                      "Value": ""
                    },
                    {
                      "Name": "LOV type",
                      "Value": ""
                    },
                    {
                      "Name": "ReadOnly",
                      "Value": "1"
                    },
                    {
                      "Name": "Width",
                      "Value": "40"
                    },
                    {
                      "Name": "MiscAttributes",
                      "Value": ""
                    },
                    {
                      "Name": "Template",
                      "Value": "var rec = (context as SPC_F_EIS_EIS_VView); string l_url = MasterDetail.Custom.Helper.BackendUrl \u002B $\u0022emailiktform/csat/{rec.id}/2\u0022; bool l_hidden = (string.IsNullOrWhiteSpace(rec.utvonal2)); \u003Ca href=\u0022@l_url\u0022 hidden=\u0022@l_hidden\u0022\u003Elink\u003C/a\u003E"
                    },
                    {
                      "Name": "EditTemplate",
                      "Value": ""
                    }
                  ],
                  "Folders": null
                },
                {
                  "Name": "UTVONAL3",
                  "Properties": [
                    {
                      "Name": "DataType",
                      "Value": "nvarchar"
                    },
                    {
                      "Name": "Maximum Length",
                      "Value": ""
                    },
                    {
                      "Name": "Decimal Places",
                      "Value": ""
                    },
                    {
                      "Name": "NullIndicator",
                      "Value": ""
                    },
                    {
                      "Name": "NotNullMessage",
                      "Value": ""
                    },
                    {
                      "Name": "Domain",
                      "Value": ""
                    },
                    {
                      "Name": "Default Value",
                      "Value": ""
                    },
                    {
                      "Name": "Prompt",
                      "Value": "Csat3"
                    },
                    {
                      "Name": "Decription",
                      "Value": ""
                    },
                    {
                      "Name": "BaseTableDirective",
                      "Value": ""
                    },
                    {
                      "Name": "LOV type",
                      "Value": ""
                    },
                    {
                      "Name": "ReadOnly",
                      "Value": "1"
                    },
                    {
                      "Name": "Width",
                      "Value": "40"
                    },
                    {
                      "Name": "MiscAttributes",
                      "Value": ""
                    },
                    {
                      "Name": "Template",
                      "Value": "var rec = (context as SPC_F_EIS_EIS_VView); string l_url = MasterDetail.Custom.Helper.BackendUrl \u002B $\u0022emailiktform/csat/{rec.id}/3\u0022; bool l_hidden = (string.IsNullOrWhiteSpace(rec.utvonal3)); \u003Ca href=\u0022@l_url\u0022 hidden=\u0022@l_hidden\u0022\u003Elink\u003C/a\u003E"
                    },
                    {
                      "Name": "EditTemplate",
                      "Value": ""
                    }
                  ],
                  "Folders": null
                },
                {
                  "Name": "UTVONAL4",
                  "Properties": [
                    {
                      "Name": "DataType",
                      "Value": "nvarchar"
                    },
                    {
                      "Name": "Maximum Length",
                      "Value": ""
                    },
                    {
                      "Name": "Decimal Places",
                      "Value": ""
                    },
                    {
                      "Name": "NullIndicator",
                      "Value": ""
                    },
                    {
                      "Name": "NotNullMessage",
                      "Value": ""
                    },
                    {
                      "Name": "Domain",
                      "Value": ""
                    },
                    {
                      "Name": "Default Value",
                      "Value": ""
                    },
                    {
                      "Name": "Prompt",
                      "Value": "Csat4"
                    },
                    {
                      "Name": "Decription",
                      "Value": ""
                    },
                    {
                      "Name": "BaseTableDirective",
                      "Value": ""
                    },
                    {
                      "Name": "LOV type",
                      "Value": ""
                    },
                    {
                      "Name": "ReadOnly",
                      "Value": "1"
                    },
                    {
                      "Name": "Width",
                      "Value": "40"
                    },
                    {
                      "Name": "MiscAttributes",
                      "Value": ""
                    },
                    {
                      "Name": "Template",
                      "Value": "var rec = (context as SPC_F_EIS_EIS_VView); string l_url = MasterDetail.Custom.Helper.BackendUrl \u002B $\u0022emailiktform/csat/{rec.id}/4\u0022; bool l_hidden = (string.IsNullOrWhiteSpace(rec.utvonal4)); \u003Ca href=\u0022@l_url\u0022 hidden=\u0022@l_hidden\u0022\u003Elink\u003C/a\u003E"
                    },
                    {
                      "Name": "EditTemplate",
                      "Value": ""
                    }
                  ],
                  "Folders": null
                },
                {
                  "Name": "UTVONAL5",
                  "Properties": [
                    {
                      "Name": "DataType",
                      "Value": "nvarchar"
                    },
                    {
                      "Name": "Maximum Length",
                      "Value": ""
                    },
                    {
                      "Name": "Decimal Places",
                      "Value": ""
                    },
                    {
                      "Name": "NullIndicator",
                      "Value": ""
                    },
                    {
                      "Name": "NotNullMessage",
                      "Value": ""
                    },
                    {
                      "Name": "Domain",
                      "Value": ""
                    },
                    {
                      "Name": "Default Value",
                      "Value": ""
                    },
                    {
                      "Name": "Prompt",
                      "Value": "Csat5"
                    },
                    {
                      "Name": "Decription",
                      "Value": ""
                    },
                    {
                      "Name": "BaseTableDirective",
                      "Value": ""
                    },
                    {
                      "Name": "LOV type",
                      "Value": ""
                    },
                    {
                      "Name": "ReadOnly",
                      "Value": "1"
                    },
                    {
                      "Name": "Width",
                      "Value": "40"
                    },
                    {
                      "Name": "MiscAttributes",
                      "Value": ""
                    },
                    {
                      "Name": "Template",
                      "Value": "var rec = (context as SPC_F_EIS_EIS_VView); string l_url = MasterDetail.Custom.Helper.BackendUrl \u002B $\u0022emailiktform/csat/{rec.id}/5\u0022; bool l_hidden = (string.IsNullOrWhiteSpace(rec.utvonal5)); \u003Ca href=\u0022@l_url\u0022 hidden=\u0022@l_hidden\u0022\u003Elink\u003C/a\u003E"
                    },
                    {
                      "Name": "EditTemplate",
                      "Value": ""
                    }
                  ],
                  "Folders": null
                }
              ]
            }
          ]
        }
      ]
    }
  ]
}