{
  "Name": "FNC",
  "Properties": [
    {
      "Name": "Title",
      "Value": "Funkci\u00F3k"
    },
    {
      "Name": "Plural",
      "Value": ""
    }
  ],
  "Folders": [
    {
      "Name": "Blocks",
      "Properties": null,
      "Folders": [
        {
          "Name": "FNC",
          "Properties": [
            {
              "Name": "BaseView",
              "Value": "SPC_F_FNC_FNC_V"
            },
            {
              "Name": "BaseTable",
              "Value": "SPC_FUNCTIONS"
            },
            {
              "Name": "Plural",
              "Value": "FUNKCIOK"
            },
            {
              "Name": "RowNum",
              "Value": "0"
            },
            {
              "Name": "Grid",
              "Value": "1"
            },
            {
              "Name": "Height",
              "Value": ""
            },
            {
              "Name": "Title",
              "Value": ""
            },
            {
              "Name": "AllowAdding",
              "Value": ""
            },
            {
              "Name": "AllowEditing",
              "Value": ""
            },
            {
              "Name": "AllowDeleting",
              "Value": ""
            }
          ],
          "Folders": [
            {
              "Name": "DetailBlocks",
              "Properties": null,
              "Folders": null
            },
            {
              "Name": "Columns",
              "Properties": null,
              "Folders": null
            }
          ]
        }
      ]
    }
  ]
}