{
  "Name": "ikt",
  "Properties": [
    {
      "Name": "Plural",
      "Value": ""
    },
    {
      "Name": "Title",
      "Value": "Iktat\u00E1s"
    }
  ],
  "Folders": [
    {
      "Name": "Blocks",
      "Properties": null,
      "Folders": [
        {
          "Name": "IKTATAS",
          "Properties": [
            {
              "Name": "BaseView",
              "Value": "SPC_F_IKT_IKT_V"
            },
            {
              "Name": "BaseTable",
              "Value": "SPC_IKTATAS"
            },
            {
              "Name": "Plural",
              "Value": "IKTATASOK"
            },
            {
              "Name": "RowNum",
              "Value": "0"
            },
            {
              "Name": "Grid",
              "Value": "1"
            },
            {
              "Name": "Height",
              "Value": "350"
            },
            {
              "Name": "Title",
              "Value": ""
            },
            {
              "Name": "AllowAdding",
              "Value": ""
            },
            {
              "Name": "AllowEditing",
              "Value": ""
            },
            {
              "Name": "AllowDeleting",
              "Value": ""
            }
          ],
          "Folders": [
            {
              "Name": "DetailBlocks",
              "Properties": null,
              "Folders": [
                {
                  "Name": "IKTATAS_ABS",
                  "Properties": [
                    {
                      "Name": "BaseView",
                      "Value": ""
                    }
                  ],
                  "Folders": [
                    {
                      "Name": "ColumnPairs",
                      "Properties": null,
                      "Folders": [
                        {
                          "Name": "IKT_ID",
                          "Properties": [
                            {
                              "Name": "MasterColumn",
                              "Value": "ID"
                            },
                            {
                              "Name": "DetailColumn",
                              "Value": "IKT_ID"
                            }
                          ],
                          "Folders": null
                        }
                      ]
                    }
                  ]
                }
              ]
            },
            {
              "Name": "Columns",
              "Properties": null,
              "Folders": null
            }
          ]
        },
        {
          "Name": "IKTATAS_ABS",
          "Properties": [
            {
              "Name": "BaseView",
              "Value": "SPC_F_IKT_ABS_V"
            },
            {
              "Name": "BaseTable",
              "Value": "SPC_IKT_ABS"
            },
            {
              "Name": "Plural",
              "Value": "IKTATAS_ABS"
            },
            {
              "Name": "RowNum",
              "Value": "1"
            },
            {
              "Name": "Grid",
              "Value": "1"
            },
            {
              "Name": "Height",
              "Value": "180"
            },
            {
              "Name": "Title",
              "Value": ""
            },
            {
              "Name": "AllowAdding",
              "Value": ""
            },
            {
              "Name": "AllowEditing",
              "Value": ""
            },
            {
              "Name": "AllowDeleting",
              "Value": ""
            }
          ],
          "Folders": [
            {
              "Name": "DetailBlocks",
              "Properties": null,
              "Folders": null
            },
            {
              "Name": "Columns",
              "Properties": null,
              "Folders": null
            }
          ]
        }
      ]
    }
  ]
}