{
  "Name": "NAPIZARAS",
  "Properties": [
    {
      "Name": "Title",
      "Value": "Napi z\u00E1r\u00E1s"
    },
    {
      "Name": "Plural",
      "Value": ""
    }
  ],
  "Folders": [
    {
      "Name": "Blocks",
      "Properties": null,
      "Folders": [
        {
          "Name": "RENDELESEK",
          "Properties": [
            {
              "Name": "BaseView",
              "Value": "SPC_F_RENDELESEK_NAPIZARAS_V"
            },
            {
              "Name": "BaseTable",
              "Value": "DUAL"
            },
            {
              "Name": "Plural",
              "Value": "RENDELESEK"
            },
            {
              "Name": "RowNum",
              "Value": "0"
            },
            {
              "Name": "Grid",
              "Value": "1"
            },
            {
              "Name": "Height",
              "Value": ""
            },
            {
              "Name": "Title",
              "Value": ""
            },
            {
              "Name": "AllowAdding",
              "Value": ""
            },
            {
              "Name": "AllowEditing",
              "Value": ""
            },
            {
              "Name": "AllowDeleting",
              "Value": ""
            }
          ],
          "Folders": [
            {
              "Name": "Columns",
              "Properties": null,
              "Folders": [
                {
                  "Name": "DOCNUM",
                  "Properties": [
                    {
                      "Name": "DataType",
                      "Value": "int"
                    },
                    {
                      "Name": "Maximum Length",
                      "Value": ""
                    },
                    {
                      "Name": "Decimal Places",
                      "Value": ""
                    },
                    {
                      "Name": "NullIndicator",
                      "Value": ""
                    },
                    {
                      "Name": "NotNullMessage",
                      "Value": ""
                    },
                    {
                      "Name": "Domain",
                      "Value": ""
                    },
                    {
                      "Name": "Default Value",
                      "Value": ""
                    },
                    {
                      "Name": "Prompt",
                      "Value": ""
                    },
                    {
                      "Name": "Decription",
                      "Value": ""
                    },
                    {
                      "Name": "BaseTableDirective",
                      "Value": ""
                    },
                    {
                      "Name": "LOV type",
                      "Value": ""
                    },
                    {
                      "Name": "ReadOnly",
                      "Value": ""
                    },
                    {
                      "Name": "Width",
                      "Value": ""
                    }
                  ],
                  "Folders": null
                },
                {
                  "Name": "CARDCODE",
                  "Properties": [
                    {
                      "Name": "DataType",
                      "Value": "nvarchar"
                    },
                    {
                      "Name": "Maximum Length",
                      "Value": ""
                    },
                    {
                      "Name": "Decimal Places",
                      "Value": ""
                    },
                    {
                      "Name": "NullIndicator",
                      "Value": ""
                    },
                    {
                      "Name": "NotNullMessage",
                      "Value": ""
                    },
                    {
                      "Name": "Domain",
                      "Value": ""
                    },
                    {
                      "Name": "Default Value",
                      "Value": ""
                    },
                    {
                      "Name": "Prompt",
                      "Value": ""
                    },
                    {
                      "Name": "Decription",
                      "Value": ""
                    },
                    {
                      "Name": "BaseTableDirective",
                      "Value": ""
                    },
                    {
                      "Name": "LOV type",
                      "Value": ""
                    },
                    {
                      "Name": "ReadOnly",
                      "Value": ""
                    },
                    {
                      "Name": "Width",
                      "Value": ""
                    }
                  ],
                  "Folders": null
                },
                {
                  "Name": "CARDNAME",
                  "Properties": [
                    {
                      "Name": "DataType",
                      "Value": "nvarchar"
                    },
                    {
                      "Name": "Maximum Length",
                      "Value": ""
                    },
                    {
                      "Name": "Decimal Places",
                      "Value": ""
                    },
                    {
                      "Name": "NullIndicator",
                      "Value": ""
                    },
                    {
                      "Name": "NotNullMessage",
                      "Value": ""
                    },
                    {
                      "Name": "Domain",
                      "Value": ""
                    },
                    {
                      "Name": "Default Value",
                      "Value": ""
                    },
                    {
                      "Name": "Prompt",
                      "Value": ""
                    },
                    {
                      "Name": "Decription",
                      "Value": ""
                    },
                    {
                      "Name": "BaseTableDirective",
                      "Value": ""
                    },
                    {
                      "Name": "LOV type",
                      "Value": ""
                    },
                    {
                      "Name": "ReadOnly",
                      "Value": ""
                    },
                    {
                      "Name": "Width",
                      "Value": ""
                    }
                  ],
                  "Folders": null
                },
                {
                  "Name": "DOCDATE",
                  "Properties": [
                    {
                      "Name": "DataType",
                      "Value": "datetime"
                    },
                    {
                      "Name": "Maximum Length",
                      "Value": ""
                    },
                    {
                      "Name": "Decimal Places",
                      "Value": ""
                    },
                    {
                      "Name": "NullIndicator",
                      "Value": ""
                    },
                    {
                      "Name": "NotNullMessage",
                      "Value": ""
                    },
                    {
                      "Name": "Domain",
                      "Value": ""
                    },
                    {
                      "Name": "Default Value",
                      "Value": ""
                    },
                    {
                      "Name": "Prompt",
                      "Value": ""
                    },
                    {
                      "Name": "Decription",
                      "Value": ""
                    },
                    {
                      "Name": "BaseTableDirective",
                      "Value": ""
                    },
                    {
                      "Name": "LOV type",
                      "Value": ""
                    },
                    {
                      "Name": "ReadOnly",
                      "Value": ""
                    },
                    {
                      "Name": "Width",
                      "Value": ""
                    }
                  ],
                  "Folders": null
                },
                {
                  "Name": "DOCDUEDATE",
                  "Properties": [
                    {
                      "Name": "DataType",
                      "Value": "datetime"
                    },
                    {
                      "Name": "Maximum Length",
                      "Value": ""
                    },
                    {
                      "Name": "Decimal Places",
                      "Value": ""
                    },
                    {
                      "Name": "NullIndicator",
                      "Value": ""
                    },
                    {
                      "Name": "NotNullMessage",
                      "Value": ""
                    },
                    {
                      "Name": "Domain",
                      "Value": ""
                    },
                    {
                      "Name": "Default Value",
                      "Value": ""
                    },
                    {
                      "Name": "Prompt",
                      "Value": ""
                    },
                    {
                      "Name": "Decription",
                      "Value": ""
                    },
                    {
                      "Name": "BaseTableDirective",
                      "Value": ""
                    },
                    {
                      "Name": "LOV type",
                      "Value": ""
                    },
                    {
                      "Name": "ReadOnly",
                      "Value": ""
                    },
                    {
                      "Name": "Width",
                      "Value": ""
                    }
                  ],
                  "Folders": null
                },
                {
                  "Name": "NETTO_OSSZESEN",
                  "Properties": [
                    {
                      "Name": "DataType",
                      "Value": "numeric"
                    },
                    {
                      "Name": "Maximum Length",
                      "Value": "19"
                    },
                    {
                      "Name": "Decimal Places",
                      "Value": "6"
                    },
                    {
                      "Name": "NullIndicator",
                      "Value": ""
                    },
                    {
                      "Name": "NotNullMessage",
                      "Value": ""
                    },
                    {
                      "Name": "Domain",
                      "Value": ""
                    },
                    {
                      "Name": "Default Value",
                      "Value": ""
                    },
                    {
                      "Name": "Prompt",
                      "Value": ""
                    },
                    {
                      "Name": "Decription",
                      "Value": ""
                    },
                    {
                      "Name": "BaseTableDirective",
                      "Value": ""
                    },
                    {
                      "Name": "LOV type",
                      "Value": ""
                    },
                    {
                      "Name": "ReadOnly",
                      "Value": ""
                    },
                    {
                      "Name": "Width",
                      "Value": ""
                    }
                  ],
                  "Folders": null
                },
                {
                  "Name": "DOCTOTAL",
                  "Properties": [
                    {
                      "Name": "DataType",
                      "Value": "numeric"
                    },
                    {
                      "Name": "Maximum Length",
                      "Value": "19"
                    },
                    {
                      "Name": "Decimal Places",
                      "Value": "6"
                    },
                    {
                      "Name": "NullIndicator",
                      "Value": ""
                    },
                    {
                      "Name": "NotNullMessage",
                      "Value": ""
                    },
                    {
                      "Name": "Domain",
                      "Value": ""
                    },
                    {
                      "Name": "Default Value",
                      "Value": ""
                    },
                    {
                      "Name": "Prompt",
                      "Value": ""
                    },
                    {
                      "Name": "Decription",
                      "Value": ""
                    },
                    {
                      "Name": "BaseTableDirective",
                      "Value": ""
                    },
                    {
                      "Name": "LOV type",
                      "Value": ""
                    },
                    {
                      "Name": "ReadOnly",
                      "Value": ""
                    },
                    {
                      "Name": "Width",
                      "Value": ""
                    }
                  ],
                  "Folders": null
                },
                {
                  "Name": "TURAKOD",
                  "Properties": [
                    {
                      "Name": "DataType",
                      "Value": "nvarchar"
                    },
                    {
                      "Name": "Maximum Length",
                      "Value": ""
                    },
                    {
                      "Name": "Decimal Places",
                      "Value": ""
                    },
                    {
                      "Name": "NullIndicator",
                      "Value": ""
                    },
                    {
                      "Name": "NotNullMessage",
                      "Value": ""
                    },
                    {
                      "Name": "Domain",
                      "Value": ""
                    },
                    {
                      "Name": "Default Value",
                      "Value": ""
                    },
                    {
                      "Name": "Prompt",
                      "Value": ""
                    },
                    {
                      "Name": "Decription",
                      "Value": ""
                    },
                    {
                      "Name": "BaseTableDirective",
                      "Value": ""
                    },
                    {
                      "Name": "LOV type",
                      "Value": ""
                    },
                    {
                      "Name": "ReadOnly",
                      "Value": ""
                    },
                    {
                      "Name": "Width",
                      "Value": ""
                    }
                  ],
                  "Folders": null
                },
                {
                  "Name": "trnspname",
                  "Properties": [
                    {
                      "Name": "DataType",
                      "Value": "nvarchar"
                    },
                    {
                      "Name": "Maximum Length",
                      "Value": ""
                    },
                    {
                      "Name": "Decimal Places",
                      "Value": ""
                    },
                    {
                      "Name": "NullIndicator",
                      "Value": ""
                    },
                    {
                      "Name": "NotNullMessage",
                      "Value": ""
                    },
                    {
                      "Name": "Domain",
                      "Value": ""
                    },
                    {
                      "Name": "Default Value",
                      "Value": ""
                    },
                    {
                      "Name": "Prompt",
                      "Value": ""
                    },
                    {
                      "Name": "Decription",
                      "Value": ""
                    },
                    {
                      "Name": "BaseTableDirective",
                      "Value": ""
                    },
                    {
                      "Name": "LOV type",
                      "Value": ""
                    },
                    {
                      "Name": "ReadOnly",
                      "Value": ""
                    },
                    {
                      "Name": "Width",
                      "Value": ""
                    }
                  ],
                  "Folders": null
                },
                {
                  "Name": "ADDRESS",
                  "Properties": [
                    {
                      "Name": "DataType",
                      "Value": "nvarchar"
                    },
                    {
                      "Name": "Maximum Length",
                      "Value": ""
                    },
                    {
                      "Name": "Decimal Places",
                      "Value": ""
                    },
                    {
                      "Name": "NullIndicator",
                      "Value": ""
                    },
                    {
                      "Name": "NotNullMessage",
                      "Value": ""
                    },
                    {
                      "Name": "Domain",
                      "Value": ""
                    },
                    {
                      "Name": "Default Value",
                      "Value": ""
                    },
                    {
                      "Name": "Prompt",
                      "Value": ""
                    },
                    {
                      "Name": "Decription",
                      "Value": ""
                    },
                    {
                      "Name": "BaseTableDirective",
                      "Value": ""
                    },
                    {
                      "Name": "LOV type",
                      "Value": ""
                    },
                    {
                      "Name": "ReadOnly",
                      "Value": ""
                    },
                    {
                      "Name": "Width",
                      "Value": ""
                    }
                  ],
                  "Folders": null
                }
              ]
            },
            {
              "Name": "DetailBlocks",
              "Properties": null,
              "Folders": null
            }
          ]
        },
        {
          "Name": "RDS_TETELEK",
          "Properties": [
            {
              "Name": "BaseView",
              "Value": "SPC_F_RDSTETELEK_NAPIZARAS_V"
            },
            {
              "Name": "BaseTable",
              "Value": "DUAL"
            },
            {
              "Name": "Plural",
              "Value": "TETELEK"
            },
            {
              "Name": "RowNum",
              "Value": "1"
            },
            {
              "Name": "Grid",
              "Value": "1"
            },
            {
              "Name": "Height",
              "Value": ""
            },
            {
              "Name": "Title",
              "Value": ""
            },
            {
              "Name": "AllowAdding",
              "Value": ""
            },
            {
              "Name": "AllowEditing",
              "Value": ""
            },
            {
              "Name": "AllowDeleting",
              "Value": ""
            }
          ],
          "Folders": [
            {
              "Name": "Columns",
              "Properties": null,
              "Folders": [
                {
                  "Name": "ITEMCODE",
                  "Properties": [
                    {
                      "Name": "DataType",
                      "Value": "nvarchar"
                    },
                    {
                      "Name": "Maximum Length",
                      "Value": ""
                    },
                    {
                      "Name": "Decimal Places",
                      "Value": ""
                    },
                    {
                      "Name": "NullIndicator",
                      "Value": ""
                    },
                    {
                      "Name": "NotNullMessage",
                      "Value": ""
                    },
                    {
                      "Name": "Domain",
                      "Value": ""
                    },
                    {
                      "Name": "Default Value",
                      "Value": ""
                    },
                    {
                      "Name": "Prompt",
                      "Value": ""
                    },
                    {
                      "Name": "Decription",
                      "Value": ""
                    },
                    {
                      "Name": "BaseTableDirective",
                      "Value": ""
                    },
                    {
                      "Name": "LOV type",
                      "Value": ""
                    },
                    {
                      "Name": "ReadOnly",
                      "Value": ""
                    },
                    {
                      "Name": "Width",
                      "Value": ""
                    }
                  ],
                  "Folders": null
                },
                {
                  "Name": "ITEMNAME",
                  "Properties": [
                    {
                      "Name": "DataType",
                      "Value": "nvarchar"
                    },
                    {
                      "Name": "Maximum Length",
                      "Value": ""
                    },
                    {
                      "Name": "Decimal Places",
                      "Value": ""
                    },
                    {
                      "Name": "NullIndicator",
                      "Value": ""
                    },
                    {
                      "Name": "NotNullMessage",
                      "Value": ""
                    },
                    {
                      "Name": "Domain",
                      "Value": ""
                    },
                    {
                      "Name": "Default Value",
                      "Value": ""
                    },
                    {
                      "Name": "Prompt",
                      "Value": ""
                    },
                    {
                      "Name": "Decription",
                      "Value": ""
                    },
                    {
                      "Name": "BaseTableDirective",
                      "Value": ""
                    },
                    {
                      "Name": "LOV type",
                      "Value": ""
                    },
                    {
                      "Name": "ReadOnly",
                      "Value": ""
                    },
                    {
                      "Name": "Width",
                      "Value": ""
                    }
                  ],
                  "Folders": null
                },
                {
                  "Name": "PRICE",
                  "Properties": [
                    {
                      "Name": "DataType",
                      "Value": "numeric"
                    },
                    {
                      "Name": "Maximum Length",
                      "Value": "19"
                    },
                    {
                      "Name": "Decimal Places",
                      "Value": "6"
                    },
                    {
                      "Name": "NullIndicator",
                      "Value": ""
                    },
                    {
                      "Name": "NotNullMessage",
                      "Value": ""
                    },
                    {
                      "Name": "Domain",
                      "Value": ""
                    },
                    {
                      "Name": "Default Value",
                      "Value": ""
                    },
                    {
                      "Name": "Prompt",
                      "Value": ""
                    },
                    {
                      "Name": "Decription",
                      "Value": ""
                    },
                    {
                      "Name": "BaseTableDirective",
                      "Value": ""
                    },
                    {
                      "Name": "LOV type",
                      "Value": ""
                    },
                    {
                      "Name": "ReadOnly",
                      "Value": ""
                    },
                    {
                      "Name": "Width",
                      "Value": ""
                    }
                  ],
                  "Folders": null
                },
                {
                  "Name": "CURRENCY",
                  "Properties": [
                    {
                      "Name": "DataType",
                      "Value": "nvarchar"
                    },
                    {
                      "Name": "Maximum Length",
                      "Value": ""
                    },
                    {
                      "Name": "Decimal Places",
                      "Value": ""
                    },
                    {
                      "Name": "NullIndicator",
                      "Value": ""
                    },
                    {
                      "Name": "NotNullMessage",
                      "Value": ""
                    },
                    {
                      "Name": "Domain",
                      "Value": ""
                    },
                    {
                      "Name": "Default Value",
                      "Value": ""
                    },
                    {
                      "Name": "Prompt",
                      "Value": ""
                    },
                    {
                      "Name": "Decription",
                      "Value": ""
                    },
                    {
                      "Name": "BaseTableDirective",
                      "Value": ""
                    },
                    {
                      "Name": "LOV type",
                      "Value": ""
                    },
                    {
                      "Name": "ReadOnly",
                      "Value": ""
                    },
                    {
                      "Name": "Width",
                      "Value": ""
                    }
                  ],
                  "Folders": null
                },
                {
                  "Name": "QUANTITY",
                  "Properties": [
                    {
                      "Name": "DataType",
                      "Value": "numeric"
                    },
                    {
                      "Name": "Maximum Length",
                      "Value": "19"
                    },
                    {
                      "Name": "Decimal Places",
                      "Value": "6"
                    },
                    {
                      "Name": "NullIndicator",
                      "Value": ""
                    },
                    {
                      "Name": "NotNullMessage",
                      "Value": ""
                    },
                    {
                      "Name": "Domain",
                      "Value": ""
                    },
                    {
                      "Name": "Default Value",
                      "Value": ""
                    },
                    {
                      "Name": "Prompt",
                      "Value": ""
                    },
                    {
                      "Name": "Decription",
                      "Value": ""
                    },
                    {
                      "Name": "BaseTableDirective",
                      "Value": ""
                    },
                    {
                      "Name": "LOV type",
                      "Value": ""
                    },
                    {
                      "Name": "ReadOnly",
                      "Value": ""
                    },
                    {
                      "Name": "Width",
                      "Value": ""
                    }
                  ],
                  "Folders": null
                },
                {
                  "Name": "AFAKULCS",
                  "Properties": [
                    {
                      "Name": "DataType",
                      "Value": "numeric"
                    },
                    {
                      "Name": "Maximum Length",
                      "Value": "19"
                    },
                    {
                      "Name": "Decimal Places",
                      "Value": "6"
                    },
                    {
                      "Name": "NullIndicator",
                      "Value": ""
                    },
                    {
                      "Name": "NotNullMessage",
                      "Value": ""
                    },
                    {
                      "Name": "Domain",
                      "Value": ""
                    },
                    {
                      "Name": "Default Value",
                      "Value": ""
                    },
                    {
                      "Name": "Prompt",
                      "Value": ""
                    },
                    {
                      "Name": "Decription",
                      "Value": ""
                    },
                    {
                      "Name": "BaseTableDirective",
                      "Value": ""
                    },
                    {
                      "Name": "LOV type",
                      "Value": ""
                    },
                    {
                      "Name": "ReadOnly",
                      "Value": ""
                    },
                    {
                      "Name": "Width",
                      "Value": ""
                    }
                  ],
                  "Folders": null
                },
                {
                  "Name": "PRICEAFVAT",
                  "Properties": [
                    {
                      "Name": "DataType",
                      "Value": "numeric"
                    },
                    {
                      "Name": "Maximum Length",
                      "Value": "19"
                    },
                    {
                      "Name": "Decimal Places",
                      "Value": "6"
                    },
                    {
                      "Name": "NullIndicator",
                      "Value": ""
                    },
                    {
                      "Name": "NotNullMessage",
                      "Value": ""
                    },
                    {
                      "Name": "Domain",
                      "Value": ""
                    },
                    {
                      "Name": "Default Value",
                      "Value": ""
                    },
                    {
                      "Name": "Prompt",
                      "Value": ""
                    },
                    {
                      "Name": "Decription",
                      "Value": ""
                    },
                    {
                      "Name": "BaseTableDirective",
                      "Value": ""
                    },
                    {
                      "Name": "LOV type",
                      "Value": ""
                    },
                    {
                      "Name": "ReadOnly",
                      "Value": ""
                    },
                    {
                      "Name": "Width",
                      "Value": ""
                    }
                  ],
                  "Folders": null
                },
                {
                  "Name": "VATSUM",
                  "Properties": [
                    {
                      "Name": "DataType",
                      "Value": "numeric"
                    },
                    {
                      "Name": "Maximum Length",
                      "Value": "19"
                    },
                    {
                      "Name": "Decimal Places",
                      "Value": "6"
                    },
                    {
                      "Name": "NullIndicator",
                      "Value": ""
                    },
                    {
                      "Name": "NotNullMessage",
                      "Value": ""
                    },
                    {
                      "Name": "Domain",
                      "Value": ""
                    },
                    {
                      "Name": "Default Value",
                      "Value": ""
                    },
                    {
                      "Name": "Prompt",
                      "Value": ""
                    },
                    {
                      "Name": "Decription",
                      "Value": ""
                    },
                    {
                      "Name": "BaseTableDirective",
                      "Value": ""
                    },
                    {
                      "Name": "LOV type",
                      "Value": ""
                    },
                    {
                      "Name": "ReadOnly",
                      "Value": ""
                    },
                    {
                      "Name": "Width",
                      "Value": ""
                    }
                  ],
                  "Folders": null
                }
              ]
            },
            {
              "Name": "DetailBlocks",
              "Properties": null,
              "Folders": null
            }
          ]
        }
      ]
    }
  ]
}