{
  "Name": "SZLEVNY",
  "Properties": [
    {
      "Name": "Title",
      "Value": "Sz\u00E1ll\u00EDt\u00F3levelek nyomtat\u00E1sa"
    },
    {
      "Name": "Plural",
      "Value": ""
    }
  ],
  "Folders": [
    {
      "Name": "Blocks",
      "Properties": null,
      "Folders": [
        {
          "Name": "NYOMTATAS",
          "Properties": [
            {
              "Name": "BaseView",
              "Value": "SPC_SZALLITO_NYOMTAT_V"
            },
            {
              "Name": "BaseTable",
              "Value": "DUAL"
            },
            {
              "Name": "Plural",
              "Value": "NYOMTATASOK"
            },
            {
              "Name": "RowNum",
              "Value": "0"
            },
            {
              "Name": "Grid",
              "Value": "0"
            },
            {
              "Name": "Height",
              "Value": ""
            },
            {
              "Name": "Title",
              "Value": ""
            },
            {
              "Name": "AllowAdding",
              "Value": ""
            },
            {
              "Name": "AllowEditing",
              "Value": ""
            },
            {
              "Name": "AllowDeleting",
              "Value": ""
            }
          ],
          "Folders": [
            {
              "Name": "Columns",
              "Properties": null,
              "Folders": [
                {
                  "Name": "DOCDUEDATE",
                  "Properties": [
                    {
                      "Name": "DataType",
                      "Value": "datetime"
                    },
                    {
                      "Name": "Maximum Length",
                      "Value": ""
                    },
                    {
                      "Name": "Decimal Places",
                      "Value": ""
                    },
                    {
                      "Name": "NullIndicator",
                      "Value": "1"
                    },
                    {
                      "Name": "NotNullMessage",
                      "Value": ""
                    },
                    {
                      "Name": "Domain",
                      "Value": ""
                    },
                    {
                      "Name": "Default Value",
                      "Value": ""
                    },
                    {
                      "Name": "Prompt",
                      "Value": "Sz\u00E1ll\u00EDt\u00E1s napja"
                    },
                    {
                      "Name": "Decription",
                      "Value": ""
                    },
                    {
                      "Name": "BaseTableDirective",
                      "Value": ""
                    },
                    {
                      "Name": "LOV type",
                      "Value": ""
                    },
                    {
                      "Name": "ReadOnly",
                      "Value": ""
                    },
                    {
                      "Name": "Width",
                      "Value": ""
                    },
                    {
                      "Name": "MiscAttributes",
                      "Value": ""
                    },
                    {
                      "Name": "Template",
                      "Value": ""
                    },
                    {
                      "Name": "EditTemplate",
                      "Value": ""
                    }
                  ],
                  "Folders": null
                },
                {
                  "Name": "TURAKOD",
                  "Properties": [
                    {
                      "Name": "DataType",
                      "Value": "nvarchar"
                    },
                    {
                      "Name": "Maximum Length",
                      "Value": "100"
                    },
                    {
                      "Name": "Decimal Places",
                      "Value": ""
                    },
                    {
                      "Name": "NullIndicator",
                      "Value": ""
                    },
                    {
                      "Name": "NotNullMessage",
                      "Value": ""
                    },
                    {
                      "Name": "Domain",
                      "Value": ""
                    },
                    {
                      "Name": "Default Value",
                      "Value": ""
                    },
                    {
                      "Name": "Prompt",
                      "Value": "T\u00FArak\u00F3d"
                    },
                    {
                      "Name": "Decription",
                      "Value": ""
                    },
                    {
                      "Name": "BaseTableDirective",
                      "Value": ""
                    },
                    {
                      "Name": "LOV type",
                      "Value": ""
                    },
                    {
                      "Name": "ReadOnly",
                      "Value": ""
                    },
                    {
                      "Name": "Width",
                      "Value": ""
                    },
                    {
                      "Name": "MiscAttributes",
                      "Value": ""
                    },
                    {
                      "Name": "Template",
                      "Value": ""
                    },
                    {
                      "Name": "EditTemplate",
                      "Value": ""
                    }
                  ],
                  "Folders": null
                },
                {
                  "Name": "SZALLITOLEVEL_TOL",
                  "Properties": [
                    {
                      "Name": "DataType",
                      "Value": "nvarchar"
                    },
                    {
                      "Name": "Maximum Length",
                      "Value": "100"
                    },
                    {
                      "Name": "Decimal Places",
                      "Value": ""
                    },
                    {
                      "Name": "NullIndicator",
                      "Value": ""
                    },
                    {
                      "Name": "NotNullMessage",
                      "Value": ""
                    },
                    {
                      "Name": "Domain",
                      "Value": ""
                    },
                    {
                      "Name": "Default Value",
                      "Value": ""
                    },
                    {
                      "Name": "Prompt",
                      "Value": "Sz\u00E1ll\u00EDt\u00F3levelek (t\u00F3l)"
                    },
                    {
                      "Name": "Decription",
                      "Value": ""
                    },
                    {
                      "Name": "BaseTableDirective",
                      "Value": ""
                    },
                    {
                      "Name": "LOV type",
                      "Value": ""
                    },
                    {
                      "Name": "ReadOnly",
                      "Value": ""
                    },
                    {
                      "Name": "Width",
                      "Value": ""
                    },
                    {
                      "Name": "MiscAttributes",
                      "Value": ""
                    },
                    {
                      "Name": "Template",
                      "Value": ""
                    },
                    {
                      "Name": "EditTemplate",
                      "Value": ""
                    }
                  ],
                  "Folders": null
                },
                {
                  "Name": "SZALLITOLEVEL_IG",
                  "Properties": [
                    {
                      "Name": "DataType",
                      "Value": "nvarchar"
                    },
                    {
                      "Name": "Maximum Length",
                      "Value": "100"
                    },
                    {
                      "Name": "Decimal Places",
                      "Value": ""
                    },
                    {
                      "Name": "NullIndicator",
                      "Value": ""
                    },
                    {
                      "Name": "NotNullMessage",
                      "Value": ""
                    },
                    {
                      "Name": "Domain",
                      "Value": ""
                    },
                    {
                      "Name": "Default Value",
                      "Value": ""
                    },
                    {
                      "Name": "Prompt",
                      "Value": "Sz\u00E1ll\u00EDt\u00F3levelek (ig)"
                    },
                    {
                      "Name": "Decription",
                      "Value": ""
                    },
                    {
                      "Name": "BaseTableDirective",
                      "Value": ""
                    },
                    {
                      "Name": "LOV type",
                      "Value": ""
                    },
                    {
                      "Name": "ReadOnly",
                      "Value": ""
                    },
                    {
                      "Name": "Width",
                      "Value": ""
                    },
                    {
                      "Name": "MiscAttributes",
                      "Value": ""
                    },
                    {
                      "Name": "Template",
                      "Value": ""
                    },
                    {
                      "Name": "EditTemplate",
                      "Value": ""
                    }
                  ],
                  "Folders": null
                },
                {
                  "Name": "SZALLITOLEVELEK",
                  "Properties": [
                    {
                      "Name": "DataType",
                      "Value": "nvarchar"
                    },
                    {
                      "Name": "Maximum Length",
                      "Value": "2000"
                    },
                    {
                      "Name": "Decimal Places",
                      "Value": ""
                    },
                    {
                      "Name": "NullIndicator",
                      "Value": ""
                    },
                    {
                      "Name": "NotNullMessage",
                      "Value": ""
                    },
                    {
                      "Name": "Domain",
                      "Value": ""
                    },
                    {
                      "Name": "Default Value",
                      "Value": ""
                    },
                    {
                      "Name": "Prompt",
                      "Value": "Sz\u00E1ll\u00EDt\u00F3levelek"
                    },
                    {
                      "Name": "Decription",
                      "Value": ""
                    },
                    {
                      "Name": "BaseTableDirective",
                      "Value": ""
                    },
                    {
                      "Name": "LOV type",
                      "Value": ""
                    },
                    {
                      "Name": "ReadOnly",
                      "Value": ""
                    },
                    {
                      "Name": "Width",
                      "Value": ""
                    },
                    {
                      "Name": "MiscAttributes",
                      "Value": ""
                    },
                    {
                      "Name": "Template",
                      "Value": ""
                    },
                    {
                      "Name": "EditTemplate",
                      "Value": ""
                    }
                  ],
                  "Folders": null
                },
                {
                  "Name": "SZALLITOLEVEL",
                  "Properties": [
                    {
                      "Name": "DataType",
                      "Value": "nvarchar"
                    },
                    {
                      "Name": "Maximum Length",
                      "Value": "1"
                    },
                    {
                      "Name": "Decimal Places",
                      "Value": ""
                    },
                    {
                      "Name": "NullIndicator",
                      "Value": ""
                    },
                    {
                      "Name": "NotNullMessage",
                      "Value": ""
                    },
                    {
                      "Name": "Domain",
                      "Value": "LOGIKAI"
                    },
                    {
                      "Name": "Default Value",
                      "Value": ""
                    },
                    {
                      "Name": "Prompt",
                      "Value": "Sz\u00E1ll\u00EDt\u00F3lev\u00E9l"
                    },
                    {
                      "Name": "Decription",
                      "Value": ""
                    },
                    {
                      "Name": "BaseTableDirective",
                      "Value": ""
                    },
                    {
                      "Name": "LOV type",
                      "Value": ""
                    },
                    {
                      "Name": "ReadOnly",
                      "Value": ""
                    },
                    {
                      "Name": "Width",
                      "Value": ""
                    },
                    {
                      "Name": "MiscAttributes",
                      "Value": ""
                    },
                    {
                      "Name": "Template",
                      "Value": ""
                    },
                    {
                      "Name": "EditTemplate",
                      "Value": ""
                    }
                  ],
                  "Folders": null
                },
                {
                  "Name": "TURAOSSZESITO",
                  "Properties": [
                    {
                      "Name": "DataType",
                      "Value": "nvarchar"
                    },
                    {
                      "Name": "Maximum Length",
                      "Value": "1"
                    },
                    {
                      "Name": "Decimal Places",
                      "Value": ""
                    },
                    {
                      "Name": "NullIndicator",
                      "Value": ""
                    },
                    {
                      "Name": "NotNullMessage",
                      "Value": ""
                    },
                    {
                      "Name": "Domain",
                      "Value": "LOGIKAI"
                    },
                    {
                      "Name": "Default Value",
                      "Value": ""
                    },
                    {
                      "Name": "Prompt",
                      "Value": "T\u00FAra\u00F6sszes\u00EDt\u0151"
                    },
                    {
                      "Name": "Decription",
                      "Value": ""
                    },
                    {
                      "Name": "BaseTableDirective",
                      "Value": ""
                    },
                    {
                      "Name": "LOV type",
                      "Value": ""
                    },
                    {
                      "Name": "ReadOnly",
                      "Value": ""
                    },
                    {
                      "Name": "Width",
                      "Value": ""
                    },
                    {
                      "Name": "MiscAttributes",
                      "Value": ""
                    },
                    {
                      "Name": "Template",
                      "Value": ""
                    },
                    {
                      "Name": "EditTemplate",
                      "Value": ""
                    }
                  ],
                  "Folders": null
                },
                {
                  "Name": "NYOMTATO",
                  "Properties": [
                    {
                      "Name": "DataType",
                      "Value": "nvarchar"
                    },
                    {
                      "Name": "Maximum Length",
                      "Value": "2000"
                    },
                    {
                      "Name": "Decimal Places",
                      "Value": ""
                    },
                    {
                      "Name": "NullIndicator",
                      "Value": ""
                    },
                    {
                      "Name": "NotNullMessage",
                      "Value": ""
                    },
                    {
                      "Name": "Domain",
                      "Value": ""
                    },
                    {
                      "Name": "Default Value",
                      "Value": ""
                    },
                    {
                      "Name": "Prompt",
                      "Value": "Nyomtat\u00F3"
                    },
                    {
                      "Name": "Decription",
                      "Value": ""
                    },
                    {
                      "Name": "BaseTableDirective",
                      "Value": ""
                    },
                    {
                      "Name": "LOV type",
                      "Value": ""
                    },
                    {
                      "Name": "ReadOnly",
                      "Value": ""
                    },
                    {
                      "Name": "Width",
                      "Value": ""
                    },
                    {
                      "Name": "MiscAttributes",
                      "Value": ""
                    },
                    {
                      "Name": "Template",
                      "Value": ""
                    },
                    {
                      "Name": "EditTemplate",
                      "Value": ""
                    }
                  ],
                  "Folders": null
                }
              ]
            },
            {
              "Name": "DetailBlocks",
              "Properties": null,
              "Folders": null
            }
          ]
        }
      ]
    }
  ]
}