{
  "Name": "UKR",
  "Properties": [
    {
      "Name": "Title",
      "Value": "\u00DAj \u00FCk rendel\u00E9sek beforgat\u00E1sa"
    },
    {
      "Name": "Plural",
      "Value": ""
    }
  ],
  "Folders": [
    {
      "Name": "Blocks",
      "Properties": null,
      "Folders": [
        {
          "Name": "ORDR",
          "Properties": [
            {
              "Name": "BaseView",
              "Value": "SPC_F_UKR_ORDR_V"
            },
            {
              "Name": "BaseTable",
              "Value": "DUAL"
            },
            {
              "Name": "Plural",
              "Value": "ORDRS"
            },
            {
              "Name": "RowNum",
              "Value": "0"
            },
            {
              "Name": "Grid",
              "Value": "1"
            },
            {
              "Name": "Height",
              "Value": "300"
            },
            {
              "Name": "Title",
              "Value": ""
            },
            {
              "Name": "AllowAdding",
              "Value": ""
            },
            {
              "Name": "AllowEditing",
              "Value": "0"
            },
            {
              "Name": "AllowDeleting",
              "Value": ""
            }
          ],
          "Folders": [
            {
              "Name": "Columns",
              "Properties": null,
              "Folders": [
                {
                  "Name": "MANUALNUM",
                  "Properties": [
                    {
                      "Name": "DataType",
                      "Value": "nvarchar"
                    },
                    {
                      "Name": "Maximum Length",
                      "Value": ""
                    },
                    {
                      "Name": "Decimal Places",
                      "Value": ""
                    },
                    {
                      "Name": "NullIndicator",
                      "Value": ""
                    },
                    {
                      "Name": "NotNullMessage",
                      "Value": ""
                    },
                    {
                      "Name": "Domain",
                      "Value": ""
                    },
                    {
                      "Name": "Default Value",
                      "Value": ""
                    },
                    {
                      "Name": "Prompt",
                      "Value": "Azonos\u00EDt\u00F3"
                    },
                    {
                      "Name": "Decription",
                      "Value": ""
                    },
                    {
                      "Name": "BaseTableDirective",
                      "Value": ""
                    },
                    {
                      "Name": "LOV type",
                      "Value": ""
                    },
                    {
                      "Name": "ReadOnly",
                      "Value": ""
                    },
                    {
                      "Name": "Width",
                      "Value": "120"
                    },
                    {
                      "Name": "MiscAttributes",
                      "Value": ""
                    },
                    {
                      "Name": "Template",
                      "Value": ""
                    },
                    {
                      "Name": "EditTemplate",
                      "Value": ""
                    }
                  ],
                  "Folders": null
                },
                {
                  "Name": "CARDCODE",
                  "Properties": [
                    {
                      "Name": "DataType",
                      "Value": "nvarchar"
                    },
                    {
                      "Name": "Maximum Length",
                      "Value": ""
                    },
                    {
                      "Name": "Decimal Places",
                      "Value": ""
                    },
                    {
                      "Name": "NullIndicator",
                      "Value": ""
                    },
                    {
                      "Name": "NotNullMessage",
                      "Value": ""
                    },
                    {
                      "Name": "Domain",
                      "Value": ""
                    },
                    {
                      "Name": "Default Value",
                      "Value": ""
                    },
                    {
                      "Name": "Prompt",
                      "Value": "Partner k\u00F3d"
                    },
                    {
                      "Name": "Decription",
                      "Value": ""
                    },
                    {
                      "Name": "BaseTableDirective",
                      "Value": ""
                    },
                    {
                      "Name": "LOV type",
                      "Value": ""
                    },
                    {
                      "Name": "ReadOnly",
                      "Value": ""
                    },
                    {
                      "Name": "Width",
                      "Value": "110"
                    },
                    {
                      "Name": "MiscAttributes",
                      "Value": ""
                    },
                    {
                      "Name": "Template",
                      "Value": ""
                    },
                    {
                      "Name": "EditTemplate",
                      "Value": ""
                    }
                  ],
                  "Folders": null
                },
                {
                  "Name": "CARDNAME",
                  "Properties": [
                    {
                      "Name": "DataType",
                      "Value": "nvarchar"
                    },
                    {
                      "Name": "Maximum Length",
                      "Value": ""
                    },
                    {
                      "Name": "Decimal Places",
                      "Value": ""
                    },
                    {
                      "Name": "NullIndicator",
                      "Value": ""
                    },
                    {
                      "Name": "NotNullMessage",
                      "Value": ""
                    },
                    {
                      "Name": "Domain",
                      "Value": ""
                    },
                    {
                      "Name": "Default Value",
                      "Value": ""
                    },
                    {
                      "Name": "Prompt",
                      "Value": "Partner n\u00E9v "
                    },
                    {
                      "Name": "Decription",
                      "Value": ""
                    },
                    {
                      "Name": "BaseTableDirective",
                      "Value": ""
                    },
                    {
                      "Name": "LOV type",
                      "Value": ""
                    },
                    {
                      "Name": "ReadOnly",
                      "Value": ""
                    },
                    {
                      "Name": "Width",
                      "Value": "240"
                    },
                    {
                      "Name": "MiscAttributes",
                      "Value": ""
                    },
                    {
                      "Name": "Template",
                      "Value": ""
                    },
                    {
                      "Name": "EditTemplate",
                      "Value": ""
                    }
                  ],
                  "Folders": null
                },
                {
                  "Name": "DOCDATE",
                  "Properties": [
                    {
                      "Name": "DataType",
                      "Value": "datetime"
                    },
                    {
                      "Name": "Maximum Length",
                      "Value": ""
                    },
                    {
                      "Name": "Decimal Places",
                      "Value": ""
                    },
                    {
                      "Name": "NullIndicator",
                      "Value": ""
                    },
                    {
                      "Name": "NotNullMessage",
                      "Value": ""
                    },
                    {
                      "Name": "Domain",
                      "Value": ""
                    },
                    {
                      "Name": "Default Value",
                      "Value": ""
                    },
                    {
                      "Name": "Prompt",
                      "Value": "D\u00E1tum"
                    },
                    {
                      "Name": "Decription",
                      "Value": ""
                    },
                    {
                      "Name": "BaseTableDirective",
                      "Value": ""
                    },
                    {
                      "Name": "LOV type",
                      "Value": ""
                    },
                    {
                      "Name": "ReadOnly",
                      "Value": ""
                    },
                    {
                      "Name": "Width",
                      "Value": "110"
                    },
                    {
                      "Name": "MiscAttributes",
                      "Value": ""
                    },
                    {
                      "Name": "Template",
                      "Value": ""
                    },
                    {
                      "Name": "EditTemplate",
                      "Value": ""
                    }
                  ],
                  "Folders": null
                },
                {
                  "Name": "DOCDUEDATE",
                  "Properties": [
                    {
                      "Name": "DataType",
                      "Value": "datetime"
                    },
                    {
                      "Name": "Maximum Length",
                      "Value": ""
                    },
                    {
                      "Name": "Decimal Places",
                      "Value": ""
                    },
                    {
                      "Name": "NullIndicator",
                      "Value": ""
                    },
                    {
                      "Name": "NotNullMessage",
                      "Value": ""
                    },
                    {
                      "Name": "Domain",
                      "Value": ""
                    },
                    {
                      "Name": "Default Value",
                      "Value": ""
                    },
                    {
                      "Name": "Prompt",
                      "Value": "Sz\u00E1ll. d\u00E1tum"
                    },
                    {
                      "Name": "Decription",
                      "Value": ""
                    },
                    {
                      "Name": "BaseTableDirective",
                      "Value": ""
                    },
                    {
                      "Name": "LOV type",
                      "Value": ""
                    },
                    {
                      "Name": "ReadOnly",
                      "Value": ""
                    },
                    {
                      "Name": "Width",
                      "Value": "120"
                    },
                    {
                      "Name": "MiscAttributes",
                      "Value": ""
                    },
                    {
                      "Name": "Template",
                      "Value": ""
                    },
                    {
                      "Name": "EditTemplate",
                      "Value": ""
                    }
                  ],
                  "Folders": null
                },
                {
                  "Name": "DOCTOTAL",
                  "Properties": [
                    {
                      "Name": "DataType",
                      "Value": "decimal"
                    },
                    {
                      "Name": "Maximum Length",
                      "Value": ""
                    },
                    {
                      "Name": "Decimal Places",
                      "Value": "2"
                    },
                    {
                      "Name": "NullIndicator",
                      "Value": ""
                    },
                    {
                      "Name": "NotNullMessage",
                      "Value": ""
                    },
                    {
                      "Name": "Domain",
                      "Value": ""
                    },
                    {
                      "Name": "Default Value",
                      "Value": ""
                    },
                    {
                      "Name": "Prompt",
                      "Value": "Brutt\u00F3 \u00F6sszeg"
                    },
                    {
                      "Name": "Decription",
                      "Value": ""
                    },
                    {
                      "Name": "BaseTableDirective",
                      "Value": ""
                    },
                    {
                      "Name": "LOV type",
                      "Value": ""
                    },
                    {
                      "Name": "ReadOnly",
                      "Value": ""
                    },
                    {
                      "Name": "Width",
                      "Value": "130"
                    },
                    {
                      "Name": "MiscAttributes",
                      "Value": ""
                    },
                    {
                      "Name": "Template",
                      "Value": ""
                    },
                    {
                      "Name": "EditTemplate",
                      "Value": ""
                    }
                  ],
                  "Folders": null
                },
                {
                  "Name": "SLPNAME",
                  "Properties": [
                    {
                      "Name": "DataType",
                      "Value": "nvarchar"
                    },
                    {
                      "Name": "Maximum Length",
                      "Value": ""
                    },
                    {
                      "Name": "Decimal Places",
                      "Value": ""
                    },
                    {
                      "Name": "NullIndicator",
                      "Value": ""
                    },
                    {
                      "Name": "NotNullMessage",
                      "Value": ""
                    },
                    {
                      "Name": "Domain",
                      "Value": ""
                    },
                    {
                      "Name": "Default Value",
                      "Value": ""
                    },
                    {
                      "Name": "Prompt",
                      "Value": "\u00DCzletk\u00F6t\u0151"
                    },
                    {
                      "Name": "Decription",
                      "Value": ""
                    },
                    {
                      "Name": "BaseTableDirective",
                      "Value": ""
                    },
                    {
                      "Name": "LOV type",
                      "Value": ""
                    },
                    {
                      "Name": "ReadOnly",
                      "Value": ""
                    },
                    {
                      "Name": "Width",
                      "Value": "140"
                    },
                    {
                      "Name": "MiscAttributes",
                      "Value": ""
                    },
                    {
                      "Name": "Template",
                      "Value": ""
                    },
                    {
                      "Name": "EditTemplate",
                      "Value": ""
                    }
                  ],
                  "Folders": null
                },
                {
                  "Name": "COMMENTS",
                  "Properties": [
                    {
                      "Name": "DataType",
                      "Value": "nvarchar"
                    },
                    {
                      "Name": "Maximum Length",
                      "Value": ""
                    },
                    {
                      "Name": "Decimal Places",
                      "Value": ""
                    },
                    {
                      "Name": "NullIndicator",
                      "Value": ""
                    },
                    {
                      "Name": "NotNullMessage",
                      "Value": ""
                    },
                    {
                      "Name": "Domain",
                      "Value": ""
                    },
                    {
                      "Name": "Default Value",
                      "Value": ""
                    },
                    {
                      "Name": "Prompt",
                      "Value": "Megjegyz\u00E9s"
                    },
                    {
                      "Name": "Decription",
                      "Value": ""
                    },
                    {
                      "Name": "BaseTableDirective",
                      "Value": ""
                    },
                    {
                      "Name": "LOV type",
                      "Value": ""
                    },
                    {
                      "Name": "ReadOnly",
                      "Value": ""
                    },
                    {
                      "Name": "Width",
                      "Value": "260"
                    },
                    {
                      "Name": "MiscAttributes",
                      "Value": ""
                    },
                    {
                      "Name": "Template",
                      "Value": ""
                    },
                    {
                      "Name": "EditTemplate",
                      "Value": ""
                    }
                  ],
                  "Folders": null
                },
                {
                  "Name": "TRANSZFERDATUM",
                  "Properties": [
                    {
                      "Name": "DataType",
                      "Value": "datetime"
                    },
                    {
                      "Name": "Maximum Length",
                      "Value": ""
                    },
                    {
                      "Name": "Decimal Places",
                      "Value": ""
                    },
                    {
                      "Name": "NullIndicator",
                      "Value": ""
                    },
                    {
                      "Name": "NotNullMessage",
                      "Value": ""
                    },
                    {
                      "Name": "Domain",
                      "Value": ""
                    },
                    {
                      "Name": "Default Value",
                      "Value": ""
                    },
                    {
                      "Name": "Prompt",
                      "Value": "Felt\u00F6ltve"
                    },
                    {
                      "Name": "Decription",
                      "Value": ""
                    },
                    {
                      "Name": "BaseTableDirective",
                      "Value": ""
                    },
                    {
                      "Name": "LOV type",
                      "Value": ""
                    },
                    {
                      "Name": "ReadOnly",
                      "Value": ""
                    },
                    {
                      "Name": "Width",
                      "Value": "160"
                    },
                    {
                      "Name": "MiscAttributes",
                      "Value": ""
                    },
                    {
                      "Name": "Template",
                      "Value": ""
                    },
                    {
                      "Name": "EditTemplate",
                      "Value": ""
                    }
                  ],
                  "Folders": null
                },
                {
                  "Name": "FORRAS",
                  "Properties": [
                    {
                      "Name": "DataType",
                      "Value": "nvarchar"
                    },
                    {
                      "Name": "Maximum Length",
                      "Value": ""
                    },
                    {
                      "Name": "Decimal Places",
                      "Value": ""
                    },
                    {
                      "Name": "NullIndicator",
                      "Value": ""
                    },
                    {
                      "Name": "NotNullMessage",
                      "Value": ""
                    },
                    {
                      "Name": "Domain",
                      "Value": ""
                    },
                    {
                      "Name": "Default Value",
                      "Value": ""
                    },
                    {
                      "Name": "Prompt",
                      "Value": "Forr\u00E1s"
                    },
                    {
                      "Name": "Decription",
                      "Value": ""
                    },
                    {
                      "Name": "BaseTableDirective",
                      "Value": ""
                    },
                    {
                      "Name": "LOV type",
                      "Value": ""
                    },
                    {
                      "Name": "ReadOnly",
                      "Value": ""
                    },
                    {
                      "Name": "Width",
                      "Value": "80"
                    },
                    {
                      "Name": "MiscAttributes",
                      "Value": ""
                    },
                    {
                      "Name": "Template",
                      "Value": ""
                    },
                    {
                      "Name": "EditTemplate",
                      "Value": ""
                    }
                  ],
                  "Folders": null
                }
              ]
            },
            {
              "Name": "DetailBlocks",
              "Properties": null,
              "Folders": [
                {
                  "Name": "RDR1",
                  "Properties": [
                    {
                      "Name": "BaseView",
                      "Value": "SPC_F_UKR_RDR1_V"
                    }
                  ],
                  "Folders": [
                    {
                      "Name": "ColumnPairs",
                      "Properties": null,
                      "Folders": [
                        {
                          "Name": "MANUALNUM",
                          "Properties": [
                            {
                              "Name": "MasterColumn",
                              "Value": "MANUALNUM"
                            },
                            {
                              "Name": "DetailColumn",
                              "Value": "MANUALNUM"
                            }
                          ],
                          "Folders": null
                        },
                        {
                          "Name": "FORRAS",
                          "Properties": [
                            {
                              "Name": "MasterColumn",
                              "Value": "FORRAS"
                            },
                            {
                              "Name": "DetailColumn",
                              "Value": "FORRAS"
                            }
                          ],
                          "Folders": null
                        }
                      ]
                    }
                  ]
                }
              ]
            }
          ]
        },
        {
          "Name": "RDR1",
          "Properties": [
            {
              "Name": "BaseView",
              "Value": "SPC_F_UKR_RDR1_V"
            },
            {
              "Name": "BaseTable",
              "Value": "DUAL"
            },
            {
              "Name": "Plural",
              "Value": "RDR1S"
            },
            {
              "Name": "RowNum",
              "Value": "1"
            },
            {
              "Name": "Grid",
              "Value": "1"
            },
            {
              "Name": "Height",
              "Value": "300"
            },
            {
              "Name": "Title",
              "Value": ""
            },
            {
              "Name": "AllowAdding",
              "Value": ""
            },
            {
              "Name": "AllowEditing",
              "Value": "0"
            },
            {
              "Name": "AllowDeleting",
              "Value": ""
            }
          ],
          "Folders": [
            {
              "Name": "Columns",
              "Properties": null,
              "Folders": [
                {
                  "Name": "ITEMCODE",
                  "Properties": [
                    {
                      "Name": "DataType",
                      "Value": "nvarchar"
                    },
                    {
                      "Name": "Maximum Length",
                      "Value": ""
                    },
                    {
                      "Name": "Decimal Places",
                      "Value": ""
                    },
                    {
                      "Name": "NullIndicator",
                      "Value": ""
                    },
                    {
                      "Name": "NotNullMessage",
                      "Value": ""
                    },
                    {
                      "Name": "Domain",
                      "Value": ""
                    },
                    {
                      "Name": "Default Value",
                      "Value": ""
                    },
                    {
                      "Name": "Prompt",
                      "Value": "Cikk k\u00F3d"
                    },
                    {
                      "Name": "Decription",
                      "Value": ""
                    },
                    {
                      "Name": "BaseTableDirective",
                      "Value": ""
                    },
                    {
                      "Name": "LOV type",
                      "Value": ""
                    },
                    {
                      "Name": "ReadOnly",
                      "Value": ""
                    },
                    {
                      "Name": "Width",
                      "Value": "100"
                    },
                    {
                      "Name": "MiscAttributes",
                      "Value": ""
                    },
                    {
                      "Name": "Template",
                      "Value": ""
                    },
                    {
                      "Name": "EditTemplate",
                      "Value": ""
                    }
                  ],
                  "Folders": null
                },
                {
                  "Name": "ITEMNAME",
                  "Properties": [
                    {
                      "Name": "DataType",
                      "Value": "nvarchar"
                    },
                    {
                      "Name": "Maximum Length",
                      "Value": ""
                    },
                    {
                      "Name": "Decimal Places",
                      "Value": ""
                    },
                    {
                      "Name": "NullIndicator",
                      "Value": ""
                    },
                    {
                      "Name": "NotNullMessage",
                      "Value": ""
                    },
                    {
                      "Name": "Domain",
                      "Value": ""
                    },
                    {
                      "Name": "Default Value",
                      "Value": ""
                    },
                    {
                      "Name": "Prompt",
                      "Value": "Cikk n\u00E9v"
                    },
                    {
                      "Name": "Decription",
                      "Value": ""
                    },
                    {
                      "Name": "BaseTableDirective",
                      "Value": ""
                    },
                    {
                      "Name": "LOV type",
                      "Value": ""
                    },
                    {
                      "Name": "ReadOnly",
                      "Value": ""
                    },
                    {
                      "Name": "Width",
                      "Value": "420"
                    },
                    {
                      "Name": "MiscAttributes",
                      "Value": ""
                    },
                    {
                      "Name": "Template",
                      "Value": ""
                    },
                    {
                      "Name": "EditTemplate",
                      "Value": ""
                    }
                  ],
                  "Folders": null
                },
                {
                  "Name": "QUANTITY",
                  "Properties": [
                    {
                      "Name": "DataType",
                      "Value": "decimal"
                    },
                    {
                      "Name": "Maximum Length",
                      "Value": ""
                    },
                    {
                      "Name": "Decimal Places",
                      "Value": "2"
                    },
                    {
                      "Name": "NullIndicator",
                      "Value": ""
                    },
                    {
                      "Name": "NotNullMessage",
                      "Value": ""
                    },
                    {
                      "Name": "Domain",
                      "Value": ""
                    },
                    {
                      "Name": "Default Value",
                      "Value": ""
                    },
                    {
                      "Name": "Prompt",
                      "Value": "Mennyis\u00E9g"
                    },
                    {
                      "Name": "Decription",
                      "Value": ""
                    },
                    {
                      "Name": "BaseTableDirective",
                      "Value": ""
                    },
                    {
                      "Name": "LOV type",
                      "Value": ""
                    },
                    {
                      "Name": "ReadOnly",
                      "Value": ""
                    },
                    {
                      "Name": "Width",
                      "Value": "120"
                    },
                    {
                      "Name": "MiscAttributes",
                      "Value": ""
                    },
                    {
                      "Name": "Template",
                      "Value": ""
                    },
                    {
                      "Name": "EditTemplate",
                      "Value": ""
                    }
                  ],
                  "Folders": null
                },
                {
                  "Name": "PRICE",
                  "Properties": [
                    {
                      "Name": "DataType",
                      "Value": "decimal"
                    },
                    {
                      "Name": "Maximum Length",
                      "Value": ""
                    },
                    {
                      "Name": "Decimal Places",
                      "Value": "2"
                    },
                    {
                      "Name": "NullIndicator",
                      "Value": ""
                    },
                    {
                      "Name": "NotNullMessage",
                      "Value": ""
                    },
                    {
                      "Name": "Domain",
                      "Value": ""
                    },
                    {
                      "Name": "Default Value",
                      "Value": ""
                    },
                    {
                      "Name": "Prompt",
                      "Value": "Nett\u00F3 \u00E1r"
                    },
                    {
                      "Name": "Decription",
                      "Value": ""
                    },
                    {
                      "Name": "BaseTableDirective",
                      "Value": ""
                    },
                    {
                      "Name": "LOV type",
                      "Value": ""
                    },
                    {
                      "Name": "ReadOnly",
                      "Value": ""
                    },
                    {
                      "Name": "Width",
                      "Value": "120"
                    },
                    {
                      "Name": "MiscAttributes",
                      "Value": ""
                    },
                    {
                      "Name": "Template",
                      "Value": ""
                    },
                    {
                      "Name": "EditTemplate",
                      "Value": ""
                    }
                  ],
                  "Folders": null
                },
                {
                  "Name": "LINETOTAL",
                  "Properties": [
                    {
                      "Name": "DataType",
                      "Value": "decimal"
                    },
                    {
                      "Name": "Maximum Length",
                      "Value": ""
                    },
                    {
                      "Name": "Decimal Places",
                      "Value": "2"
                    },
                    {
                      "Name": "NullIndicator",
                      "Value": ""
                    },
                    {
                      "Name": "NotNullMessage",
                      "Value": ""
                    },
                    {
                      "Name": "Domain",
                      "Value": ""
                    },
                    {
                      "Name": "Default Value",
                      "Value": ""
                    },
                    {
                      "Name": "Prompt",
                      "Value": "Nett\u00F3 \u00E9rt\u00E9k"
                    },
                    {
                      "Name": "Decription",
                      "Value": ""
                    },
                    {
                      "Name": "BaseTableDirective",
                      "Value": ""
                    },
                    {
                      "Name": "LOV type",
                      "Value": ""
                    },
                    {
                      "Name": "ReadOnly",
                      "Value": ""
                    },
                    {
                      "Name": "Width",
                      "Value": "120"
                    },
                    {
                      "Name": "MiscAttributes",
                      "Value": ""
                    },
                    {
                      "Name": "Template",
                      "Value": ""
                    },
                    {
                      "Name": "EditTemplate",
                      "Value": ""
                    }
                  ],
                  "Folders": null
                },
                {
                  "Name": "GTOTAL",
                  "Properties": [
                    {
                      "Name": "DataType",
                      "Value": "decimal"
                    },
                    {
                      "Name": "Maximum Length",
                      "Value": ""
                    },
                    {
                      "Name": "Decimal Places",
                      "Value": "2"
                    },
                    {
                      "Name": "NullIndicator",
                      "Value": ""
                    },
                    {
                      "Name": "NotNullMessage",
                      "Value": ""
                    },
                    {
                      "Name": "Domain",
                      "Value": ""
                    },
                    {
                      "Name": "Default Value",
                      "Value": ""
                    },
                    {
                      "Name": "Prompt",
                      "Value": "Brutt\u00F3 \u00E9rt\u00E9k"
                    },
                    {
                      "Name": "Decription",
                      "Value": ""
                    },
                    {
                      "Name": "BaseTableDirective",
                      "Value": ""
                    },
                    {
                      "Name": "LOV type",
                      "Value": ""
                    },
                    {
                      "Name": "ReadOnly",
                      "Value": ""
                    },
                    {
                      "Name": "Width",
                      "Value": "120"
                    },
                    {
                      "Name": "MiscAttributes",
                      "Value": ""
                    },
                    {
                      "Name": "Template",
                      "Value": ""
                    },
                    {
                      "Name": "EditTemplate",
                      "Value": ""
                    }
                  ],
                  "Folders": null
                },
                {
                  "Name": "COMMENTS",
                  "Properties": [
                    {
                      "Name": "DataType",
                      "Value": "nvarchar"
                    },
                    {
                      "Name": "Maximum Length",
                      "Value": ""
                    },
                    {
                      "Name": "Decimal Places",
                      "Value": ""
                    },
                    {
                      "Name": "NullIndicator",
                      "Value": ""
                    },
                    {
                      "Name": "NotNullMessage",
                      "Value": ""
                    },
                    {
                      "Name": "Domain",
                      "Value": ""
                    },
                    {
                      "Name": "Default Value",
                      "Value": ""
                    },
                    {
                      "Name": "Prompt",
                      "Value": "Megjegyz\u00E9s"
                    },
                    {
                      "Name": "Decription",
                      "Value": ""
                    },
                    {
                      "Name": "BaseTableDirective",
                      "Value": ""
                    },
                    {
                      "Name": "LOV type",
                      "Value": ""
                    },
                    {
                      "Name": "ReadOnly",
                      "Value": ""
                    },
                    {
                      "Name": "Width",
                      "Value": "250"
                    },
                    {
                      "Name": "MiscAttributes",
                      "Value": ""
                    },
                    {
                      "Name": "Template",
                      "Value": ""
                    },
                    {
                      "Name": "EditTemplate",
                      "Value": ""
                    }
                  ],
                  "Folders": null
                },
                {
                  "Name": "MANUALNUM",
                  "Properties": [
                    {
                      "Name": "DataType",
                      "Value": "nvarchar"
                    },
                    {
                      "Name": "Maximum Length",
                      "Value": ""
                    },
                    {
                      "Name": "Decimal Places",
                      "Value": ""
                    },
                    {
                      "Name": "NullIndicator",
                      "Value": ""
                    },
                    {
                      "Name": "NotNullMessage",
                      "Value": ""
                    },
                    {
                      "Name": "Domain",
                      "Value": ""
                    },
                    {
                      "Name": "Default Value",
                      "Value": ""
                    },
                    {
                      "Name": "Prompt",
                      "Value": "Azonos\u00EDt\u00F3"
                    },
                    {
                      "Name": "Decription",
                      "Value": ""
                    },
                    {
                      "Name": "BaseTableDirective",
                      "Value": ""
                    },
                    {
                      "Name": "LOV type",
                      "Value": ""
                    },
                    {
                      "Name": "ReadOnly",
                      "Value": ""
                    },
                    {
                      "Name": "Width",
                      "Value": ""
                    },
                    {
                      "Name": "MiscAttributes",
                      "Value": ""
                    },
                    {
                      "Name": "Template",
                      "Value": ""
                    },
                    {
                      "Name": "EditTemplate",
                      "Value": ""
                    }
                  ],
                  "Folders": null
                },
                {
                  "Name": "FORRAS",
                  "Properties": [
                    {
                      "Name": "DataType",
                      "Value": "nvarchar"
                    },
                    {
                      "Name": "Maximum Length",
                      "Value": ""
                    },
                    {
                      "Name": "Decimal Places",
                      "Value": ""
                    },
                    {
                      "Name": "NullIndicator",
                      "Value": ""
                    },
                    {
                      "Name": "NotNullMessage",
                      "Value": ""
                    },
                    {
                      "Name": "Domain",
                      "Value": ""
                    },
                    {
                      "Name": "Default Value",
                      "Value": ""
                    },
                    {
                      "Name": "Prompt",
                      "Value": "Forr\u00E1s"
                    },
                    {
                      "Name": "Decription",
                      "Value": ""
                    },
                    {
                      "Name": "BaseTableDirective",
                      "Value": ""
                    },
                    {
                      "Name": "LOV type",
                      "Value": ""
                    },
                    {
                      "Name": "ReadOnly",
                      "Value": ""
                    },
                    {
                      "Name": "Width",
                      "Value": ""
                    },
                    {
                      "Name": "MiscAttributes",
                      "Value": ""
                    },
                    {
                      "Name": "Template",
                      "Value": ""
                    },
                    {
                      "Name": "EditTemplate",
                      "Value": ""
                    }
                  ],
                  "Folders": null
                }
              ]
            },
            {
              "Name": "DetailBlocks",
              "Properties": null,
              "Folders": null
            }
          ]
        }
      ]
    }
  ]
}