{
  "Name": "SPC_F_UFT_CIKK_V",
  "Properties": [
    {
      "Name": "BaseTable",
      "Value": "SPC_UK_FELADAT_CIKKEK"
    },
    {
      "Name": "Alias",
      "Value": "CIKK"
    },
    {
      "Name": "SQLDefinition",
      "Value": ""
    },
    {
      "Name": "HANADefinition",
      "Value": ""
    }
  ],
  "Folders": [
    {
      "Name": "Columns",
      "Properties": null,
      "Folders": [
        {
          "Name": "ITEMNAME",
          "Properties": [
            {
              "Name": "DataType",
              "Value": "nvarchar"
            },
            {
              "Name": "Maximum Length",
              "Value": ""
            },
            {
              "Name": "Decimal Places",
              "Value": ""
            },
            {
              "Name": "NullIndicator",
              "Value": ""
            },
            {
              "Name": "NotNullMessage",
              "Value": ""
            },
            {
              "Name": "Domain",
              "Value": ""
            },
            {
              "Name": "Default Value",
              "Value": ""
            },
            {
              "Name": "Prompt",
              "Value": ""
            },
            {
              "Name": "Decription",
              "Value": ""
            },
            {
              "Name": "LOV type",
              "Value": ""
            }
          ],
          "Folders": null
        }
      ]
    }
  ]
}