{
  "Name": "SPC_F_IKT_IKT_V",
  "Properties": [
    {
      "Name": "Alias",
      "Value": "IKT"
    },
    {
      "Name": "BaseTable",
      "Value": "SPC_IKTATAS"
    },
    {
      "Name": "HANADefinition",
      "Value": ""
    },
    {
      "Name": "SQLDefinition",
      "Value": ""
    }
  ],
  "Folders": [
    {
      "Name": "Columns",
      "Properties": null,
      "Folders": [
        {
          "Name": "DocEntry",
          "Properties": [
            {
              "Name": "DataType",
              "Value": "int"
            },
            {
              "Name": "Decimal Places",
              "Value": ""
            },
            {
              "Name": "Decription",
              "Value": ""
            },
            {
              "Name": "Default Value",
              "Value": ""
            },
            {
              "Name": "Domain",
              "Value": ""
            },
            {
              "Name": "Maximum Length",
              "Value": ""
            },
            {
              "Name": "NotNullMessage",
              "Value": ""
            },
            {
              "Name": "NullIndicator",
              "Value": ""
            },
            {
              "Name": "Prompt",
              "Value": ""
            },
            {
              "Name": "LOV type",
              "Value": ""
            }
          ],
          "Folders": null
        },
        {
          "Name": "DocNum",
          "Properties": [
            {
              "Name": "DataType",
              "Value": "int"
            },
            {
              "Name": "Decimal Places",
              "Value": ""
            },
            {
              "Name": "Decription",
              "Value": ""
            },
            {
              "Name": "Default Value",
              "Value": ""
            },
            {
              "Name": "Domain",
              "Value": ""
            },
            {
              "Name": "Maximum Length",
              "Value": ""
            },
            {
              "Name": "NotNullMessage",
              "Value": ""
            },
            {
              "Name": "NullIndicator",
              "Value": ""
            },
            {
              "Name": "Prompt",
              "Value": "Bizonylatsz\u00E1m"
            },
            {
              "Name": "LOV type",
              "Value": ""
            }
          ],
          "Folders": null
        },
        {
          "Name": "NAPOK_SZAMA",
          "Properties": [
            {
              "Name": "DataType",
              "Value": "int"
            },
            {
              "Name": "Decimal Places",
              "Value": ""
            },
            {
              "Name": "Decription",
              "Value": ""
            },
            {
              "Name": "Default Value",
              "Value": ""
            },
            {
              "Name": "Domain",
              "Value": ""
            },
            {
              "Name": "Maximum Length",
              "Value": ""
            },
            {
              "Name": "NotNullMessage",
              "Value": ""
            },
            {
              "Name": "NullIndicator",
              "Value": ""
            },
            {
              "Name": "Prompt",
              "Value": "Napok sz\u00E1ma"
            },
            {
              "Name": "LOV type",
              "Value": ""
            }
          ],
          "Folders": null
        },
        {
          "Name": "Series",
          "Properties": [
            {
              "Name": "DataType",
              "Value": "smallint"
            },
            {
              "Name": "Decimal Places",
              "Value": ""
            },
            {
              "Name": "Decription",
              "Value": ""
            },
            {
              "Name": "Default Value",
              "Value": ""
            },
            {
              "Name": "Domain",
              "Value": ""
            },
            {
              "Name": "Maximum Length",
              "Value": ""
            },
            {
              "Name": "NotNullMessage",
              "Value": ""
            },
            {
              "Name": "NullIndicator",
              "Value": ""
            },
            {
              "Name": "Prompt",
              "Value": ""
            },
            {
              "Name": "LOV type",
              "Value": ""
            }
          ],
          "Folders": null
        },
        {
          "Name": "CARDNAME",
          "Properties": [
            {
              "Name": "DataType",
              "Value": "nvarchar"
            },
            {
              "Name": "Maximum Length",
              "Value": "200"
            },
            {
              "Name": "Decimal Places",
              "Value": ""
            },
            {
              "Name": "NullIndicator",
              "Value": ""
            },
            {
              "Name": "NotNullMessage",
              "Value": ""
            },
            {
              "Name": "Domain",
              "Value": ""
            },
            {
              "Name": "Default Value",
              "Value": ""
            },
            {
              "Name": "Prompt",
              "Value": "Partnern\u00E9v"
            },
            {
              "Name": "Decription",
              "Value": ""
            },
            {
              "Name": "LOV type",
              "Value": "PARTNER"
            }
          ],
          "Folders": null
        }
      ]
    }
  ]
}