﻿<?xml version="1.0" encoding="UTF-8"?>
<Main>
  <Adatok>
    <TesztKonyvtar Gepnev="" />
  </Adatok>
  <Install>
    <verziok.xml source="IFSZ_AddOn_Ebiz\verziok.xml">verziok.xml</verziok.xml>
    <IFSZ_AddOn_Ebiz.exe source="IFSZ_AddOn_Ebiz\bin\IFSZ_AddOn_Ebiz.exe">IFSZ_AddOn_Ebiz.exe</IFSZ_AddOn_Ebiz.exe>
    <IFSZ_AddOn_Ebiz.exe.config source="IFSZ_AddOn_Ebiz\bin\IFSZ_AddOn_Ebiz.exe.config">IFSZ_AddOn_Ebiz.exe.config</IFSZ_AddOn_Ebiz.exe.config>
    <CarlosAg.ExcelXmlWriter.dll source="IFSZ_AddOn_Ebiz\bin\CarlosAg.ExcelXmlWriter.dll">CarlosAg.ExcelXmlWriter.dll</CarlosAg.ExcelXmlWriter.dll>
    <IFSZ_AddOnBase.IFSZ_Messages.hu.resources source="IFSZ_AddOn_Ebiz\obj\Release\IFSZ_AddOnBase.IFSZ_Messages.hu.resources" instfile="IFSZ_AddOnBase.IFSZ_Messages_hu.resources">IFSZ_AddOnBase.IFSZ_Messages.hu.resources</IFSZ_AddOnBase.IFSZ_Messages.hu.resources>
    <IFSZ_AddOnBase.IFSZ_Messages.resources source="IFSZ_AddOn_Ebiz\obj\Release\IFSZ_AddOnBase.IFSZ_Messages.resources">IFSZ_AddOnBase.IFSZ_Messages.resources</IFSZ_AddOnBase.IFSZ_Messages.resources>
    <IFSZ_AddOnBase.Resource.en-US.resources source="IFSZ_AddOn_Ebiz\obj\Release\IFSZ_AddOnBase.Resource.en-US.resources" instfile="IFSZ_AddOnBase.Resource_en-US.resources">IFSZ_AddOnBase.Resource.en-US.resources</IFSZ_AddOnBase.Resource.en-US.resources>
    <IFSZ_AddOnBase.Resource.resources source="IFSZ_AddOn_Ebiz\obj\Release\IFSZ_AddOnBase.Resource.resources">IFSZ_AddOnBase.Resource.resources</IFSZ_AddOnBase.Resource.resources>
    <IFSZ_AddOnBase.Resources.resources source="IFSZ_AddOn_Ebiz\obj\Release\IFSZ_AddOnBase.Resources.resources">IFSZ_AddOnBase.Resources.resources</IFSZ_AddOnBase.Resources.resources>
    <IFSZ_Messages.hu.resx source="IFSZ_AddOn_Ebiz\Base_IFSZ_Keretrendszer\IFSZ_Resources\IFSZ_Messages.hu.resx" instfile="IFSZ_Messages_hu.x">IFSZ_Messages.hu.resx</IFSZ_Messages.hu.resx>
    <IFSZ_Messages.resx source="IFSZ_AddOn_Ebiz\Base_IFSZ_Keretrendszer\IFSZ_Resources\IFSZ_Messages.resx" instfile="IFSZ_Messages.x">IFSZ_Messages.resx</IFSZ_Messages.resx>
    <IFSZ_Resources.dll source="IFSZ_Resources\bin\IFSZ_Resources.dll">IFSZ_Resources.dll</IFSZ_Resources.dll>
    <IFSZ_Resources.IFSZ_Messages.hu.resources source="IFSZ_Resources\obj\Release\IFSZ_Resources.IFSZ_Messages.hu.resources" instfile="IFSZ_Resources.IFSZ_Messages_hu.resources">IFSZ_Resources.IFSZ_Messages.hu.resources</IFSZ_Resources.IFSZ_Messages.hu.resources>
    <IFSZ_Resources.IFSZ_Messages.resources source="IFSZ_Resources\obj\Release\IFSZ_Resources.IFSZ_Messages.resources">IFSZ_Resources.IFSZ_Messages.resources</IFSZ_Resources.IFSZ_Messages.resources>
    <IFSZ_Resources.xml source="IFSZ_Resources\bin\IFSZ_Resources.xml">IFSZ_Resources.xml</IFSZ_Resources.xml>
    <Interop.SAPbobsCOM.dll source="IFSZ_AddOn_Ebiz\obj\debug\Interop.SAPbobsCOM.dll">Interop.SAPbobsCOM.dll</Interop.SAPbobsCOM.dll>
    <Interop.SAPbouiCOM.dll source="IFSZ_AddOn_Ebiz\obj\debug\Interop.SAPbouiCOM.dll">Interop.SAPbouiCOM.dll</Interop.SAPbouiCOM.dll>
    <IFSZ_AddOn_Ebiz.resources.dll source="IFSZ_AddOn_Ebiz\obj\Release\en-US\IFSZ_AddOn_Ebiz.resources.dll" instfile="en-us_IFSZ_AddOn_Ebiz.resources.dll">en-US\IFSZ_AddOn_Ebiz.resources.dll</IFSZ_AddOn_Ebiz.resources.dll>
    <IFSZ_AddOn_Ebiz.resources.dll source="IFSZ_AddOn_Ebiz\obj\Release\hu\IFSZ_AddOn_Ebiz.resources.dll">hu\IFSZ_AddOn_Ebiz.resources.dll</IFSZ_AddOn_Ebiz.resources.dll>
    <CrystalDecisions.Shared.dll source="IFSZ_AddOn_Ebiz\bin\CrystalDecisions.Shared.dll">CrystalDecisions.Shared</CrystalDecisions.Shared.dll>
    <CrystalDecisions.ReportSource.dll source="IFSZ_AddOn_Ebiz\bin\CrystalDecisions.ReportSource.dll">CrystalDecisions.ReportSource</CrystalDecisions.ReportSource.dll>
    <CrystalDecisions.ReportAppServer.DataSetConversion.dll source="IFSZ_AddOn_Ebiz\bin\CrystalDecisions.ReportAppServer.DataSetConversion.dll">CrystalDecisions.ReportAppServer.DataSetConversion</CrystalDecisions.ReportAppServer.DataSetConversion.dll>
    <CrystalDecisions.CrystalReports.Engine.dll source="IFSZ_AddOn_Ebiz\bin\CrystalDecisions.CrystalReports.Engine.dll">CrystalDecisions.CrystalReports.Engine</CrystalDecisions.CrystalReports.Engine.dll>
    <CrystalDecisions.Windows.Forms.dll source="IFSZ_AddOn_Ebiz\bin\CrystalDecisions.Windows.Forms.dll">CrystalDecisions.Windows.Forms</CrystalDecisions.Windows.Forms.dll>
    <IFSZ_BankFbnt_Matrix_HUN.srf source="IFSZ_AddOn_Ebiz\Base_IFSZ_AddOn_SBO\IFSZ_Forms\IFSZ_BankFbnt_Matrix_HUN.srf">IFSZ_Forms\IFSZ_BankFbnt_Matrix_HUN.srf</IFSZ_BankFbnt_Matrix_HUN.srf>
    <IFSZ_BankInterfesz_Form_ENG.srf source="IFSZ_AddOn_Ebiz\Base_IFSZ_AddOn_SBO\IFSZ_Forms\IFSZ_BankInterfesz_Form_ENG.srf">IFSZ_Forms\IFSZ_BankInterfesz_Form_ENG.srf</IFSZ_BankInterfesz_Form_ENG.srf>
    <IFSZ_BankInterfesz_Form_GER.srf source="IFSZ_AddOn_Ebiz\Base_IFSZ_AddOn_SBO\IFSZ_Forms\IFSZ_BankInterfesz_Form_GER.srf">IFSZ_Forms\IFSZ_BankInterfesz_Form_GER.srf</IFSZ_BankInterfesz_Form_GER.srf>
    <IFSZ_BankInterfesz_Form_HUN.srf source="IFSZ_AddOn_Ebiz\Base_IFSZ_AddOn_SBO\IFSZ_Forms\IFSZ_BankInterfesz_Form_HUN.srf">IFSZ_Forms\IFSZ_BankInterfesz_Form_HUN.srf</IFSZ_BankInterfesz_Form_HUN.srf>
    <IFSZ_BankTxn_Browse_Matrix_ENG.srf source="IFSZ_AddOn_Ebiz\Base_IFSZ_AddOn_SBO\IFSZ_Forms\IFSZ_BankTxn_Browse_Matrix_ENG.srf">IFSZ_Forms\IFSZ_BankTxn_Browse_Matrix_ENG.srf</IFSZ_BankTxn_Browse_Matrix_ENG.srf>
    <IFSZ_BankTxn_Browse_Matrix_GER.srf source="IFSZ_AddOn_Ebiz\Base_IFSZ_AddOn_SBO\IFSZ_Forms\IFSZ_BankTxn_Browse_Matrix_GER.srf">IFSZ_Forms\IFSZ_BankTxn_Browse_Matrix_GER.srf</IFSZ_BankTxn_Browse_Matrix_GER.srf>
    <IFSZ_BankTxn_Browse_Matrix_HUN.srf source="IFSZ_AddOn_Ebiz\Base_IFSZ_AddOn_SBO\IFSZ_Forms\IFSZ_BankTxn_Browse_Matrix_HUN.srf">IFSZ_Forms\IFSZ_BankTxn_Browse_Matrix_HUN.srf</IFSZ_BankTxn_Browse_Matrix_HUN.srf>
    <IFSZ_BankTxn_Hdr_Matrix_ENG.srf source="IFSZ_AddOn_Ebiz\Base_IFSZ_AddOn_SBO\IFSZ_Forms\IFSZ_BankTxn_Hdr_Matrix_ENG.srf">IFSZ_Forms\IFSZ_BankTxn_Hdr_Matrix_ENG.srf</IFSZ_BankTxn_Hdr_Matrix_ENG.srf>
    <IFSZ_BankTxn_Hdr_Matrix_GER.srf source="IFSZ_AddOn_Ebiz\Base_IFSZ_AddOn_SBO\IFSZ_Forms\IFSZ_BankTxn_Hdr_Matrix_GER.srf">IFSZ_Forms\IFSZ_BankTxn_Hdr_Matrix_GER.srf</IFSZ_BankTxn_Hdr_Matrix_GER.srf>
    <IFSZ_BankTxn_Hdr_Matrix_HUN.srf source="IFSZ_AddOn_Ebiz\Base_IFSZ_AddOn_SBO\IFSZ_Forms\IFSZ_BankTxn_Hdr_Matrix_HUN.srf">IFSZ_Forms\IFSZ_BankTxn_Hdr_Matrix_HUN.srf</IFSZ_BankTxn_Hdr_Matrix_HUN.srf>
    <IFSZ_BankTxn_Lns_Matrix_ENG.srf source="IFSZ_AddOn_Ebiz\Base_IFSZ_AddOn_SBO\IFSZ_Forms\IFSZ_BankTxn_Lns_Matrix_ENG.srf">IFSZ_Forms\IFSZ_BankTxn_Lns_Matrix_ENG.srf</IFSZ_BankTxn_Lns_Matrix_ENG.srf>
    <IFSZ_BankTxn_Lns_Matrix_GER.srf source="IFSZ_AddOn_Ebiz\Base_IFSZ_AddOn_SBO\IFSZ_Forms\IFSZ_BankTxn_Lns_Matrix_GER.srf">IFSZ_Forms\IFSZ_BankTxn_Lns_Matrix_GER.srf</IFSZ_BankTxn_Lns_Matrix_GER.srf>
    <IFSZ_BankTxn_Lns_Matrix_HUN.srf source="IFSZ_AddOn_Ebiz\Base_IFSZ_AddOn_SBO\IFSZ_Forms\IFSZ_BankTxn_Lns_Matrix_HUN.srf">IFSZ_Forms\IFSZ_BankTxn_Lns_Matrix_HUN.srf</IFSZ_BankTxn_Lns_Matrix_HUN.srf>
    <IFSZ_BankTxn_Matrix_HUN.srf source="IFSZ_AddOn_Ebiz\Base_IFSZ_AddOn_SBO\IFSZ_Forms\IFSZ_BankTxn_Matrix_HUN.srf">IFSZ_Forms\IFSZ_BankTxn_Matrix_HUN.srf</IFSZ_BankTxn_Matrix_HUN.srf>
    <IFSZ_BankTxn_RunRep_ENG.srf source="IFSZ_AddOn_Ebiz\Base_IFSZ_AddOn_SBO\IFSZ_Forms\IFSZ_BankTxn_RunRep_ENG.srf">IFSZ_Forms\IFSZ_BankTxn_RunRep_ENG.srf</IFSZ_BankTxn_RunRep_ENG.srf>
    <IFSZ_BankTxn_RunRep_GER.srf source="IFSZ_AddOn_Ebiz\Base_IFSZ_AddOn_SBO\IFSZ_Forms\IFSZ_BankTxn_RunRep_GER.srf">IFSZ_Forms\IFSZ_BankTxn_RunRep_GER.srf</IFSZ_BankTxn_RunRep_GER.srf>
    <IFSZ_BankTxn_RunRep_HUN.srf source="IFSZ_AddOn_Ebiz\Base_IFSZ_AddOn_SBO\IFSZ_Forms\IFSZ_BankTxn_RunRep_HUN.srf">IFSZ_Forms\IFSZ_BankTxn_RunRep_HUN.srf</IFSZ_BankTxn_RunRep_HUN.srf>
    <IFSZ_BankTxn2_RunRep_ENG.srf source="IFSZ_AddOn_Ebiz\Base_IFSZ_AddOn_SBO\IFSZ_Forms\IFSZ_BankTxn2_RunRep_ENG.srf">IFSZ_Forms\IFSZ_BankTxn2_RunRep_ENG.srf</IFSZ_BankTxn2_RunRep_ENG.srf>
    <IFSZ_BankTxn2_RunRep_GER.srf source="IFSZ_AddOn_Ebiz\Base_IFSZ_AddOn_SBO\IFSZ_Forms\IFSZ_BankTxn2_RunRep_GER.srf">IFSZ_Forms\IFSZ_BankTxn2_RunRep_GER.srf</IFSZ_BankTxn2_RunRep_GER.srf>
    <IFSZ_BankTxn2_RunRep_HUN.srf source="IFSZ_AddOn_Ebiz\Base_IFSZ_AddOn_SBO\IFSZ_Forms\IFSZ_BankTxn2_RunRep_HUN.srf">IFSZ_Forms\IFSZ_BankTxn2_RunRep_HUN.srf</IFSZ_BankTxn2_RunRep_HUN.srf>
    <IFSZ_CashCls_RunRep_ENG.srf source="IFSZ_AddOn_Ebiz\Base_IFSZ_AddOn_SBO\IFSZ_Forms\IFSZ_CashCls_RunRep_ENG.srf">IFSZ_Forms\IFSZ_CashCls_RunRep_ENG.srf</IFSZ_CashCls_RunRep_ENG.srf>
    <IFSZ_CashCls_RunRep_GER.srf source="IFSZ_AddOn_Ebiz\Base_IFSZ_AddOn_SBO\IFSZ_Forms\IFSZ_CashCls_RunRep_GER.srf">IFSZ_Forms\IFSZ_CashCls_RunRep_GER.srf</IFSZ_CashCls_RunRep_GER.srf>
    <IFSZ_CashCls_RunRep_HUN.srf source="IFSZ_AddOn_Ebiz\Base_IFSZ_AddOn_SBO\IFSZ_Forms\IFSZ_CashCls_RunRep_HUN.srf">IFSZ_Forms\IFSZ_CashCls_RunRep_HUN.srf</IFSZ_CashCls_RunRep_HUN.srf>
    <IFSZ_CashPoint_Matrix_ENG.srf source="IFSZ_AddOn_Ebiz\Base_IFSZ_AddOn_SBO\IFSZ_Forms\IFSZ_CashPoint_Matrix_ENG.srf">IFSZ_Forms\IFSZ_CashPoint_Matrix_ENG.srf</IFSZ_CashPoint_Matrix_ENG.srf>
    <IFSZ_CashPoint_Matrix_GER.srf source="IFSZ_AddOn_Ebiz\Base_IFSZ_AddOn_SBO\IFSZ_Forms\IFSZ_CashPoint_Matrix_GER.srf">IFSZ_Forms\IFSZ_CashPoint_Matrix_GER.srf</IFSZ_CashPoint_Matrix_GER.srf>
    <IFSZ_CashPoint_Matrix_HUN.srf source="IFSZ_AddOn_Ebiz\Base_IFSZ_AddOn_SBO\IFSZ_Forms\IFSZ_CashPoint_Matrix_HUN.srf">IFSZ_Forms\IFSZ_CashPoint_Matrix_HUN.srf</IFSZ_CashPoint_Matrix_HUN.srf>
    <IFSZ_CashPoint_Matrix_HUN.xsx source="IFSZ_AddOn_Ebiz\Base_IFSZ_AddOn_SBO\IFSZ_Forms\IFSZ_CashPoint_Matrix_HUN.xsx">IFSZ_Forms\IFSZ_CashPoint_Matrix_HUN.xsx</IFSZ_CashPoint_Matrix_HUN.xsx>
    <IFSZ_CashPointClose_Hdr_Matrix_ENG.srf source="IFSZ_AddOn_Ebiz\Base_IFSZ_AddOn_SBO\IFSZ_Forms\IFSZ_CashPointClose_Hdr_Matrix_ENG.srf">IFSZ_Forms\IFSZ_CashPointClose_Hdr_Matrix_ENG.srf</IFSZ_CashPointClose_Hdr_Matrix_ENG.srf>
    <IFSZ_CashPointClose_Hdr_Matrix_GER.srf source="IFSZ_AddOn_Ebiz\Base_IFSZ_AddOn_SBO\IFSZ_Forms\IFSZ_CashPointClose_Hdr_Matrix_GER.srf">IFSZ_Forms\IFSZ_CashPointClose_Hdr_Matrix_GER.srf</IFSZ_CashPointClose_Hdr_Matrix_GER.srf>
    <IFSZ_CashPointClose_Hdr_Matrix_HUN.srf source="IFSZ_AddOn_Ebiz\Base_IFSZ_AddOn_SBO\IFSZ_Forms\IFSZ_CashPointClose_Hdr_Matrix_HUN.srf">IFSZ_Forms\IFSZ_CashPointClose_Hdr_Matrix_HUN.srf</IFSZ_CashPointClose_Hdr_Matrix_HUN.srf>
    <IFSZ_CashPointClose_Lns_Matrix_ENG.srf source="IFSZ_AddOn_Ebiz\Base_IFSZ_AddOn_SBO\IFSZ_Forms\IFSZ_CashPointClose_Lns_Matrix_ENG.srf">IFSZ_Forms\IFSZ_CashPointClose_Lns_Matrix_ENG.srf</IFSZ_CashPointClose_Lns_Matrix_ENG.srf>
    <IFSZ_CashPointClose_Lns_Matrix_GER.srf source="IFSZ_AddOn_Ebiz\Base_IFSZ_AddOn_SBO\IFSZ_Forms\IFSZ_CashPointClose_Lns_Matrix_GER.srf">IFSZ_Forms\IFSZ_CashPointClose_Lns_Matrix_GER.srf</IFSZ_CashPointClose_Lns_Matrix_GER.srf>
    <IFSZ_CashPointClose_Lns_Matrix_HUN.srf source="IFSZ_AddOn_Ebiz\Base_IFSZ_AddOn_SBO\IFSZ_Forms\IFSZ_CashPointClose_Lns_Matrix_HUN.srf">IFSZ_Forms\IFSZ_CashPointClose_Lns_Matrix_HUN.srf</IFSZ_CashPointClose_Lns_Matrix_HUN.srf>
    <IFSZ_CashPointClose_Matrix_ENG.srf source="IFSZ_AddOn_Ebiz\Base_IFSZ_AddOn_SBO\IFSZ_Forms\IFSZ_CashPointClose_Matrix_ENG.srf">IFSZ_Forms\IFSZ_CashPointClose_Matrix_ENG.srf</IFSZ_CashPointClose_Matrix_ENG.srf>
    <IFSZ_CashPointClose_Matrix_GER.srf source="IFSZ_AddOn_Ebiz\Base_IFSZ_AddOn_SBO\IFSZ_Forms\IFSZ_CashPointClose_Matrix_GER.srf">IFSZ_Forms\IFSZ_CashPointClose_Matrix_GER.srf</IFSZ_CashPointClose_Matrix_GER.srf>
    <IFSZ_CashPointClose_Matrix_HUN.srf source="IFSZ_AddOn_Ebiz\Base_IFSZ_AddOn_SBO\IFSZ_Forms\IFSZ_CashPointClose_Matrix_HUN.srf">IFSZ_Forms\IFSZ_CashPointClose_Matrix_HUN.srf</IFSZ_CashPointClose_Matrix_HUN.srf>
    <IFSZ_CashTxn_Browse_Matrix_ENG.srf source="IFSZ_AddOn_Ebiz\Base_IFSZ_AddOn_SBO\IFSZ_Forms\IFSZ_CashTxn_Browse_Matrix_ENG.srf">IFSZ_Forms\IFSZ_CashTxn_Browse_Matrix_ENG.srf</IFSZ_CashTxn_Browse_Matrix_ENG.srf>
    <IFSZ_CashTxn_Browse_Matrix_GER.srf source="IFSZ_AddOn_Ebiz\Base_IFSZ_AddOn_SBO\IFSZ_Forms\IFSZ_CashTxn_Browse_Matrix_GER.srf">IFSZ_Forms\IFSZ_CashTxn_Browse_Matrix_GER.srf</IFSZ_CashTxn_Browse_Matrix_GER.srf>
    <IFSZ_CashTxn_Browse_Matrix_HUN.srf source="IFSZ_AddOn_Ebiz\Base_IFSZ_AddOn_SBO\IFSZ_Forms\IFSZ_CashTxn_Browse_Matrix_HUN.srf">IFSZ_Forms\IFSZ_CashTxn_Browse_Matrix_HUN.srf</IFSZ_CashTxn_Browse_Matrix_HUN.srf>
    <IFSZ_CashTxn_Hdr_Matrix_ENG.srf source="IFSZ_AddOn_Ebiz\Base_IFSZ_AddOn_SBO\IFSZ_Forms\IFSZ_CashTxn_Hdr_Matrix_ENG.srf">IFSZ_Forms\IFSZ_CashTxn_Hdr_Matrix_ENG.srf</IFSZ_CashTxn_Hdr_Matrix_ENG.srf>
    <IFSZ_CashTxn_Hdr_Matrix_GER.srf source="IFSZ_AddOn_Ebiz\Base_IFSZ_AddOn_SBO\IFSZ_Forms\IFSZ_CashTxn_Hdr_Matrix_GER.srf">IFSZ_Forms\IFSZ_CashTxn_Hdr_Matrix_GER.srf</IFSZ_CashTxn_Hdr_Matrix_GER.srf>
    <IFSZ_CashTxn_Hdr_Matrix_HUN.srf source="IFSZ_AddOn_Ebiz\Base_IFSZ_AddOn_SBO\IFSZ_Forms\IFSZ_CashTxn_Hdr_Matrix_HUN.srf">IFSZ_Forms\IFSZ_CashTxn_Hdr_Matrix_HUN.srf</IFSZ_CashTxn_Hdr_Matrix_HUN.srf>
    <IFSZ_CashTxn_Lns_Matrix_ENG.srf source="IFSZ_AddOn_Ebiz\Base_IFSZ_AddOn_SBO\IFSZ_Forms\IFSZ_CashTxn_Lns_Matrix_ENG.srf">IFSZ_Forms\IFSZ_CashTxn_Lns_Matrix_ENG.srf</IFSZ_CashTxn_Lns_Matrix_ENG.srf>
    <IFSZ_CashTxn_Lns_Matrix_GER.srf source="IFSZ_AddOn_Ebiz\Base_IFSZ_AddOn_SBO\IFSZ_Forms\IFSZ_CashTxn_Lns_Matrix_GER.srf">IFSZ_Forms\IFSZ_CashTxn_Lns_Matrix_GER.srf</IFSZ_CashTxn_Lns_Matrix_GER.srf>
    <IFSZ_CashTxn_Lns_Matrix_HUN.srf source="IFSZ_AddOn_Ebiz\Base_IFSZ_AddOn_SBO\IFSZ_Forms\IFSZ_CashTxn_Lns_Matrix_HUN.srf">IFSZ_Forms\IFSZ_CashTxn_Lns_Matrix_HUN.srf</IFSZ_CashTxn_Lns_Matrix_HUN.srf>
    <IFSZ_CashTxn_Matrix_ENG.srf source="IFSZ_AddOn_Ebiz\Base_IFSZ_AddOn_SBO\IFSZ_Forms\IFSZ_CashTxn_Matrix_ENG.srf">IFSZ_Forms\IFSZ_CashTxn_Matrix_ENG.srf</IFSZ_CashTxn_Matrix_ENG.srf>
    <IFSZ_CashTxn_Matrix_HUN.srf source="IFSZ_AddOn_Ebiz\Base_IFSZ_AddOn_SBO\IFSZ_Forms\IFSZ_CashTxn_Matrix_HUN.srf">IFSZ_Forms\IFSZ_CashTxn_Matrix_HUN.srf</IFSZ_CashTxn_Matrix_HUN.srf>
    <IFSZ_CashTxn_Matrix_HUN.xsx source="IFSZ_AddOn_Ebiz\Base_IFSZ_AddOn_SBO\IFSZ_Forms\IFSZ_CashTxn_Matrix_HUN.xsx">IFSZ_Forms\IFSZ_CashTxn_Matrix_HUN.xsx</IFSZ_CashTxn_Matrix_HUN.xsx>
    <IFSZ_CashTxn_RunRep_ENG.srf source="IFSZ_AddOn_Ebiz\Base_IFSZ_AddOn_SBO\IFSZ_Forms\IFSZ_CashTxn_RunRep_ENG.srf">IFSZ_Forms\IFSZ_CashTxn_RunRep_ENG.srf</IFSZ_CashTxn_RunRep_ENG.srf>
    <IFSZ_CashTxn_RunRep_GER.srf source="IFSZ_AddOn_Ebiz\Base_IFSZ_AddOn_SBO\IFSZ_Forms\IFSZ_CashTxn_RunRep_GER.srf">IFSZ_Forms\IFSZ_CashTxn_RunRep_GER.srf</IFSZ_CashTxn_RunRep_GER.srf>
    <IFSZ_CashTxn_RunRep_HUN.srf source="IFSZ_AddOn_Ebiz\Base_IFSZ_AddOn_SBO\IFSZ_Forms\IFSZ_CashTxn_RunRep_HUN.srf">IFSZ_Forms\IFSZ_CashTxn_RunRep_HUN.srf</IFSZ_CashTxn_RunRep_HUN.srf>
    <IFSZ_CashTxn2_RunRep_ENG.srf source="IFSZ_AddOn_Ebiz\Base_IFSZ_AddOn_SBO\IFSZ_Forms\IFSZ_CashTxn2_RunRep_ENG.srf">IFSZ_Forms\IFSZ_CashTxn2_RunRep_ENG.srf</IFSZ_CashTxn2_RunRep_ENG.srf>
    <IFSZ_CashTxn2_RunRep_GER.srf source="IFSZ_AddOn_Ebiz\Base_IFSZ_AddOn_SBO\IFSZ_Forms\IFSZ_CashTxn2_RunRep_GER.srf">IFSZ_Forms\IFSZ_CashTxn2_RunRep_GER.srf</IFSZ_CashTxn2_RunRep_GER.srf>
    <IFSZ_CashTxn2_RunRep_HUN.srf source="IFSZ_AddOn_Ebiz\Base_IFSZ_AddOn_SBO\IFSZ_Forms\IFSZ_CashTxn2_RunRep_HUN.srf">IFSZ_Forms\IFSZ_CashTxn2_RunRep_HUN.srf</IFSZ_CashTxn2_RunRep_HUN.srf>
    <IFSZ_CashTxnCode_Matrix_ENG.srf source="IFSZ_AddOn_Ebiz\Base_IFSZ_AddOn_SBO\IFSZ_Forms\IFSZ_CashTxnCode_Matrix_ENG.srf">IFSZ_Forms\IFSZ_CashTxnCode_Matrix_ENG.srf</IFSZ_CashTxnCode_Matrix_ENG.srf>
    <IFSZ_CashTxnCode_Matrix_GER.srf source="IFSZ_AddOn_Ebiz\Base_IFSZ_AddOn_SBO\IFSZ_Forms\IFSZ_CashTxnCode_Matrix_GER.srf">IFSZ_Forms\IFSZ_CashTxnCode_Matrix_GER.srf</IFSZ_CashTxnCode_Matrix_GER.srf>
    <IFSZ_CashTxnCode_Matrix_HUN.srf source="IFSZ_AddOn_Ebiz\Base_IFSZ_AddOn_SBO\IFSZ_Forms\IFSZ_CashTxnCode_Matrix_HUN.srf">IFSZ_Forms\IFSZ_CashTxnCode_Matrix_HUN.srf</IFSZ_CashTxnCode_Matrix_HUN.srf>
    <IFSZ_CIMLETEK_ENG.srf source="IFSZ_AddOn_Ebiz\Base_IFSZ_AddOn_SBO\IFSZ_Forms\IFSZ_CIMLETEK_ENG.srf">IFSZ_Forms\IFSZ_CIMLETEK_ENG.srf</IFSZ_CIMLETEK_ENG.srf>
    <IFSZ_Cimletek_HUN.srf source="IFSZ_AddOn_Ebiz\Base_IFSZ_AddOn_SBO\IFSZ_Forms\IFSZ_Cimletek_HUN.srf">IFSZ_Forms\IFSZ_Cimletek_HUN.srf</IFSZ_Cimletek_HUN.srf>
    <IFSZ_CLS_Stand_ENG.srf source="IFSZ_AddOn_Ebiz\Base_IFSZ_AddOn_SBO\IFSZ_Forms\IFSZ_CLS_Stand_ENG.srf">IFSZ_Forms\IFSZ_CLS_Stand_ENG.srf</IFSZ_CLS_Stand_ENG.srf>
    <IFSZ_CLS_Stand_HUN.srf source="IFSZ_AddOn_Ebiz\Base_IFSZ_AddOn_SBO\IFSZ_Forms\IFSZ_CLS_Stand_HUN.srf">IFSZ_Forms\IFSZ_CLS_Stand_HUN.srf</IFSZ_CLS_Stand_HUN.srf>
    <IFSZ_DocNumAssignment_Matrix_ENG.srf source="IFSZ_AddOn_Ebiz\Base_IFSZ_AddOn_SBO\IFSZ_Forms\IFSZ_DocNumAssignment_Matrix_ENG.srf">IFSZ_Forms\IFSZ_DocNumAssignment_Matrix_ENG.srf</IFSZ_DocNumAssignment_Matrix_ENG.srf>
    <IFSZ_DocNumAssignment_Matrix_GER.srf source="IFSZ_AddOn_Ebiz\Base_IFSZ_AddOn_SBO\IFSZ_Forms\IFSZ_DocNumAssignment_Matrix_GER.srf">IFSZ_Forms\IFSZ_DocNumAssignment_Matrix_GER.srf</IFSZ_DocNumAssignment_Matrix_GER.srf>
    <IFSZ_DocNumAssignment_Matrix_HUN.srf source="IFSZ_AddOn_Ebiz\Base_IFSZ_AddOn_SBO\IFSZ_Forms\IFSZ_DocNumAssignment_Matrix_HUN.srf">IFSZ_Forms\IFSZ_DocNumAssignment_Matrix_HUN.srf</IFSZ_DocNumAssignment_Matrix_HUN.srf>
    <IFSZ_DocNumCategory_Matrix_ENG.srf source="IFSZ_AddOn_Ebiz\Base_IFSZ_AddOn_SBO\IFSZ_Forms\IFSZ_DocNumCategory_Matrix_ENG.srf">IFSZ_Forms\IFSZ_DocNumCategory_Matrix_ENG.srf</IFSZ_DocNumCategory_Matrix_ENG.srf>
    <IFSZ_DocNumCategory_Matrix_GER.srf source="IFSZ_AddOn_Ebiz\Base_IFSZ_AddOn_SBO\IFSZ_Forms\IFSZ_DocNumCategory_Matrix_GER.srf">IFSZ_Forms\IFSZ_DocNumCategory_Matrix_GER.srf</IFSZ_DocNumCategory_Matrix_GER.srf>
    <IFSZ_DocNumCategory_Matrix_HUN.srf source="IFSZ_AddOn_Ebiz\Base_IFSZ_AddOn_SBO\IFSZ_Forms\IFSZ_DocNumCategory_Matrix_HUN.srf">IFSZ_Forms\IFSZ_DocNumCategory_Matrix_HUN.srf</IFSZ_DocNumCategory_Matrix_HUN.srf>
    <IFSZ_Export_Form_HUN.srf source="IFSZ_AddOn_Ebiz\Base_IFSZ_AddOn_SBO\IFSZ_Forms\IFSZ_Export_Form_HUN.srf">IFSZ_Forms\IFSZ_Export_Form_HUN.srf</IFSZ_Export_Form_HUN.srf>
    <IFSZ_ExpSzabalyok_Matrix_HUN.srf source="IFSZ_AddOn_Ebiz\Base_IFSZ_AddOn_SBO\IFSZ_Forms\IFSZ_ExpSzabalyok_Matrix_HUN.srf">IFSZ_Forms\IFSZ_ExpSzabalyok_Matrix_HUN.srf</IFSZ_ExpSzabalyok_Matrix_HUN.srf>
    <IFSZ_ExpszTetelek_Matrix_HUN.srf source="IFSZ_AddOn_Ebiz\Base_IFSZ_AddOn_SBO\IFSZ_Forms\IFSZ_ExpszTetelek_Matrix_HUN.srf">IFSZ_Forms\IFSZ_ExpszTetelek_Matrix_HUN.srf</IFSZ_ExpszTetelek_Matrix_HUN.srf>
    <IFSZ_GRIDLOV_VIEW_HUN.srf source="IFSZ_AddOn_Ebiz\Base_IFSZ_AddOn_SBO\IFSZ_Forms\IFSZ_GRIDLOV_VIEW_HUN.srf">IFSZ_Forms\IFSZ_GRIDLOV_VIEW_HUN.srf</IFSZ_GRIDLOV_VIEW_HUN.srf>
    <IFSZ_ImpHiba_HUN.srf source="IFSZ_AddOn_Ebiz\Base_IFSZ_AddOn_SBO\IFSZ_Forms\IFSZ_ImpHiba_HUN.srf">IFSZ_Forms\IFSZ_ImpHiba_HUN.srf</IFSZ_ImpHiba_HUN.srf>
    <IFSZ_ImpSzabalyok_Matrix_ENG.srf source="IFSZ_AddOn_Ebiz\Base_IFSZ_AddOn_SBO\IFSZ_Forms\IFSZ_ImpSzabalyok_Matrix_ENG.srf">IFSZ_Forms\IFSZ_ImpSzabalyok_Matrix_ENG.srf</IFSZ_ImpSzabalyok_Matrix_ENG.srf>
    <IFSZ_ImpSzabalyok_Matrix_GER.srf source="IFSZ_AddOn_Ebiz\Base_IFSZ_AddOn_SBO\IFSZ_Forms\IFSZ_ImpSzabalyok_Matrix_GER.srf">IFSZ_Forms\IFSZ_ImpSzabalyok_Matrix_GER.srf</IFSZ_ImpSzabalyok_Matrix_GER.srf>
    <IFSZ_ImpSzabalyok_Matrix_HUN.srf source="IFSZ_AddOn_Ebiz\Base_IFSZ_AddOn_SBO\IFSZ_Forms\IFSZ_ImpSzabalyok_Matrix_HUN.srf">IFSZ_Forms\IFSZ_ImpSzabalyok_Matrix_HUN.srf</IFSZ_ImpSzabalyok_Matrix_HUN.srf>
    <IFSZ_ImpszTetelek_Matrix_ENG.srf source="IFSZ_AddOn_Ebiz\Base_IFSZ_AddOn_SBO\IFSZ_Forms\IFSZ_ImpszTetelek_Matrix_ENG.srf">IFSZ_Forms\IFSZ_ImpszTetelek_Matrix_ENG.srf</IFSZ_ImpszTetelek_Matrix_ENG.srf>
    <IFSZ_ImpszTetelek_Matrix_GER.srf source="IFSZ_AddOn_Ebiz\Base_IFSZ_AddOn_SBO\IFSZ_Forms\IFSZ_ImpszTetelek_Matrix_GER.srf">IFSZ_Forms\IFSZ_ImpszTetelek_Matrix_GER.srf</IFSZ_ImpszTetelek_Matrix_GER.srf>
    <IFSZ_ImpszTetelek_Matrix_HUN.srf source="IFSZ_AddOn_Ebiz\Base_IFSZ_AddOn_SBO\IFSZ_Forms\IFSZ_ImpszTetelek_Matrix_HUN.srf">IFSZ_Forms\IFSZ_ImpszTetelek_Matrix_HUN.srf</IFSZ_ImpszTetelek_Matrix_HUN.srf>
    <IFSZ_JogcimKod_Matrix_ENG.srf source="IFSZ_AddOn_Ebiz\Base_IFSZ_AddOn_SBO\IFSZ_Forms\IFSZ_JogcimKod_Matrix_ENG.srf">IFSZ_Forms\IFSZ_JogcimKod_Matrix_ENG.srf</IFSZ_JogcimKod_Matrix_ENG.srf>
    <IFSZ_JogcimKod_Matrix_GER.srf source="IFSZ_AddOn_Ebiz\Base_IFSZ_AddOn_SBO\IFSZ_Forms\IFSZ_JogcimKod_Matrix_GER.srf">IFSZ_Forms\IFSZ_JogcimKod_Matrix_GER.srf</IFSZ_JogcimKod_Matrix_GER.srf>
    <IFSZ_JogcimKod_Matrix_HUN.srf source="IFSZ_AddOn_Ebiz\Base_IFSZ_AddOn_SBO\IFSZ_Forms\IFSZ_JogcimKod_Matrix_HUN.srf">IFSZ_Forms\IFSZ_JogcimKod_Matrix_HUN.srf</IFSZ_JogcimKod_Matrix_HUN.srf>
    <IFSZ_KisBizNyomtat_Matrix_ENG.srf source="IFSZ_AddOn_Ebiz\Base_IFSZ_AddOn_SBO\IFSZ_Forms\IFSZ_KisBizNyomtat_Matrix_ENG.srf">IFSZ_Forms\IFSZ_KisBizNyomtat_Matrix_ENG.srf</IFSZ_KisBizNyomtat_Matrix_ENG.srf>
    <IFSZ_KisBizNyomtat_Matrix_GER.srf source="IFSZ_AddOn_Ebiz\Base_IFSZ_AddOn_SBO\IFSZ_Forms\IFSZ_KisBizNyomtat_Matrix_GER.srf">IFSZ_Forms\IFSZ_KisBizNyomtat_Matrix_GER.srf</IFSZ_KisBizNyomtat_Matrix_GER.srf>
    <IFSZ_KisBizNyomtat_Matrix_HUN.srf source="IFSZ_AddOn_Ebiz\Base_IFSZ_AddOn_SBO\IFSZ_Forms\IFSZ_KisBizNyomtat_Matrix_HUN.srf">IFSZ_Forms\IFSZ_KisBizNyomtat_Matrix_HUN.srf</IFSZ_KisBizNyomtat_Matrix_HUN.srf>
    <IFSZ_Licence_Form_HUN.srf source="IFSZ_AddOn_Ebiz\Base_IFSZ_AddOn_SBO\IFSZ_Forms\IFSZ_Licence_Form_HUN.srf">IFSZ_Forms\IFSZ_Licence_Form_HUN.srf</IFSZ_Licence_Form_HUN.srf>
    <IFSZ_Licence_HUN.srf source="IFSZ_AddOn_Ebiz\Base_IFSZ_AddOn_SBO\IFSZ_Forms\IFSZ_Licence_HUN.srf">IFSZ_Forms\IFSZ_Licence_HUN.srf</IFSZ_Licence_HUN.srf>
    <IFSZ_LOV_ENG.srf source="IFSZ_AddOn_Ebiz\Base_IFSZ_AddOn_SBO\IFSZ_Forms\IFSZ_LOV_ENG.srf">IFSZ_Forms\IFSZ_LOV_ENG.srf</IFSZ_LOV_ENG.srf>
    <IFSZ_LOV_GER.srf source="IFSZ_AddOn_Ebiz\Base_IFSZ_AddOn_SBO\IFSZ_Forms\IFSZ_LOV_GER.srf">IFSZ_Forms\IFSZ_LOV_GER.srf</IFSZ_LOV_GER.srf>
    <IFSZ_LOV_HUN.srf source="IFSZ_AddOn_Ebiz\Base_IFSZ_AddOn_SBO\IFSZ_Forms\IFSZ_LOV_HUN.srf">IFSZ_Forms\IFSZ_LOV_HUN.srf</IFSZ_LOV_HUN.srf>
    <IFSZ_LOV_OACT_HUN.srf source="IFSZ_AddOn_Ebiz\Base_IFSZ_AddOn_SBO\IFSZ_Forms\IFSZ_LOV_OACT_HUN.srf">IFSZ_Forms\IFSZ_LOV_OACT_HUN.srf</IFSZ_LOV_OACT_HUN.srf>
    <IFSZ_LOV_VIEW_HUN.srf source="IFSZ_AddOn_Ebiz\Base_IFSZ_AddOn_SBO\IFSZ_Forms\IFSZ_LOV_VIEW_HUN.srf">IFSZ_Forms\IFSZ_LOV_VIEW_HUN.srf</IFSZ_LOV_VIEW_HUN.srf>
    <IFSZ_PBT_Stand_ENG.srf source="IFSZ_AddOn_Ebiz\Base_IFSZ_AddOn_SBO\IFSZ_Forms\IFSZ_PBT_Stand_ENG.srf">IFSZ_Forms\IFSZ_PBT_Stand_ENG.srf</IFSZ_PBT_Stand_ENG.srf>
    <IFSZ_PBT_Stand_HUN.srf source="IFSZ_AddOn_Ebiz\Base_IFSZ_AddOn_SBO\IFSZ_Forms\IFSZ_PBT_Stand_HUN.srf">IFSZ_Forms\IFSZ_PBT_Stand_HUN.srf</IFSZ_PBT_Stand_HUN.srf>
    <IFSZ_Role_Matrix_ENG.srf source="IFSZ_AddOn_Ebiz\Base_IFSZ_AddOn_SBO\IFSZ_Forms\IFSZ_Role_Matrix_ENG.srf">IFSZ_Forms\IFSZ_Role_Matrix_ENG.srf</IFSZ_Role_Matrix_ENG.srf>
    <IFSZ_Role_Matrix_GER.srf source="IFSZ_AddOn_Ebiz\Base_IFSZ_AddOn_SBO\IFSZ_Forms\IFSZ_Role_Matrix_GER.srf">IFSZ_Forms\IFSZ_Role_Matrix_GER.srf</IFSZ_Role_Matrix_GER.srf>
    <IFSZ_Role_Matrix_HUN.srf source="IFSZ_AddOn_Ebiz\Base_IFSZ_AddOn_SBO\IFSZ_Forms\IFSZ_Role_Matrix_HUN.srf">IFSZ_Forms\IFSZ_Role_Matrix_HUN.srf</IFSZ_Role_Matrix_HUN.srf>
    <IFSZ_UDFCreation_ENG.srf source="IFSZ_AddOn_Ebiz\Base_IFSZ_AddOn_SBO\IFSZ_Forms\IFSZ_UDFCreation_ENG.srf">IFSZ_Forms\IFSZ_UDFCreation_ENG.srf</IFSZ_UDFCreation_ENG.srf>
    <IFSZ_UDFCreation_GER.srf source="IFSZ_AddOn_Ebiz\Base_IFSZ_AddOn_SBO\IFSZ_Forms\IFSZ_UDFCreation_GER.srf">IFSZ_Forms\IFSZ_UDFCreation_GER.srf</IFSZ_UDFCreation_GER.srf>
    <IFSZ_UDFCreation_HUN.srf source="IFSZ_AddOn_Ebiz\Base_IFSZ_AddOn_SBO\IFSZ_Forms\IFSZ_UDFCreation_HUN.srf">IFSZ_Forms\IFSZ_UDFCreation_HUN.srf</IFSZ_UDFCreation_HUN.srf>
    <IFSZ_UserRole_Matrix_ENG.srf source="IFSZ_AddOn_Ebiz\Base_IFSZ_AddOn_SBO\IFSZ_Forms\IFSZ_UserRole_Matrix_ENG.srf">IFSZ_Forms\IFSZ_UserRole_Matrix_ENG.srf</IFSZ_UserRole_Matrix_ENG.srf>
    <IFSZ_UserRole_Matrix_GER.srf source="IFSZ_AddOn_Ebiz\Base_IFSZ_AddOn_SBO\IFSZ_Forms\IFSZ_UserRole_Matrix_GER.srf">IFSZ_Forms\IFSZ_UserRole_Matrix_GER.srf</IFSZ_UserRole_Matrix_GER.srf>
    <IFSZ_UserRole_Matrix_HUN.srf source="IFSZ_AddOn_Ebiz\Base_IFSZ_AddOn_SBO\IFSZ_Forms\IFSZ_UserRole_Matrix_HUN.srf">IFSZ_Forms\IFSZ_UserRole_Matrix_HUN.srf</IFSZ_UserRole_Matrix_HUN.srf>
    <IFSZ_Welcome_ENG.srf source="IFSZ_AddOn_Ebiz\Base_IFSZ_AddOn_SBO\IFSZ_Forms\IFSZ_Welcome_ENG.srf">IFSZ_Forms\IFSZ_Welcome_ENG.srf</IFSZ_Welcome_ENG.srf>
    <IFSZ_Welcome_GER.srf source="IFSZ_AddOn_Ebiz\Base_IFSZ_AddOn_SBO\IFSZ_Forms\IFSZ_Welcome_GER.srf">IFSZ_Forms\IFSZ_Welcome_GER.srf</IFSZ_Welcome_GER.srf>
    <IFSZ_Welcome_HUN.srf source="IFSZ_AddOn_Ebiz\Base_IFSZ_AddOn_SBO\IFSZ_Forms\IFSZ_Welcome_HUN.srf">IFSZ_Forms\IFSZ_Welcome_HUN.srf</IFSZ_Welcome_HUN.srf>
    <MatrixForm_ENG.srf source="IFSZ_AddOn_Ebiz\Base_IFSZ_AddOn_SBO\IFSZ_Forms\MatrixForm_ENG.srf">IFSZ_Forms\MatrixForm_ENG.srf</MatrixForm_ENG.srf>
    <MatrixForm_HUN.srf source="IFSZ_AddOn_Ebiz\Base_IFSZ_AddOn_SBO\IFSZ_Forms\MatrixForm_HUN.srf">IFSZ_Forms\MatrixForm_HUN.srf</MatrixForm_HUN.srf>
    <Penztar_torzs_ENG.srf source="IFSZ_AddOn_Ebiz\Base_IFSZ_AddOn_SBO\IFSZ_Forms\Penztar_torzs_ENG.srf">IFSZ_Forms\Penztar_torzs_ENG.srf</Penztar_torzs_ENG.srf>
    <Penztar_torzs_GER.srf source="IFSZ_AddOn_Ebiz\Base_IFSZ_AddOn_SBO\IFSZ_Forms\Penztar_torzs_GER.srf">IFSZ_Forms\Penztar_torzs_GER.srf</Penztar_torzs_GER.srf>
    <Penztar_torzs_HUN.srf source="IFSZ_AddOn_Ebiz\Base_IFSZ_AddOn_SBO\IFSZ_Forms\Penztar_torzs_HUN.srf">IFSZ_Forms\Penztar_torzs_HUN.srf</Penztar_torzs_HUN.srf>
    <SboFormSimpleForm_ENG.srf source="IFSZ_AddOn_Ebiz\Base_IFSZ_AddOn_SBO\IFSZ_Forms\SboFormSimpleForm_ENG.srf">IFSZ_Forms\SboFormSimpleForm_ENG.srf</SboFormSimpleForm_ENG.srf>
    <SboFormSimpleForm_GER.srf source="IFSZ_AddOn_Ebiz\Base_IFSZ_AddOn_SBO\IFSZ_Forms\SboFormSimpleForm_GER.srf">IFSZ_Forms\SboFormSimpleForm_GER.srf</SboFormSimpleForm_GER.srf>
    <SboFormSimpleForm_HUN.srf source="IFSZ_AddOn_Ebiz\Base_IFSZ_AddOn_SBO\IFSZ_Forms\SboFormSimpleForm_HUN.srf">IFSZ_Forms\SboFormSimpleForm_HUN.srf</SboFormSimpleForm_HUN.srf>
  </Install>
  <Verziok>
    <Verzio Ertek="9.3.0.1">Kezdeti verzió</Verzio>
    <Verzio Ertek="9.3.0.2">Küldési bizonylat lista</Verzio>
    <Verzio Ertek="9.3.0.3">9.3.3</Verzio>
    <Verzio Ertek="9.3.0.4">Bizonylat lista menüpont</Verzio>
    <Verzio Ertek="9.3.0.5">Layout javítás</Verzio>
    <Verzio Ertek="9.3.0.6">Optimalizálás</Verzio>
    <Verzio Ertek="9.3.0.7">pdf aláírás</Verzio>
    <Verzio Ertek="9.3.0.8">- Bank-cash ne induljon el
- csatlakozási üzenet csak a státuszsorban</Verzio>
    <Verzio Ertek="9.3.0.9">- Jelszó titkosítással kerüljön az adatbázisba
- Ha nincs beállítva a docnum assigns, vagy az ebiz útvonal, akkor ne kerüljön végtelen ciklusba
- Ha küldés közben pánikszerűen mégsemezünk, akkor tényleg normálisan álljon le</Verzio>
    <Verzio Ertek="9.3.0.10">Csatolmányok</Verzio>
    <Verzio Ertek="9.3.0.11">Visszaigazolási kérelem, fejléc speciális karakterek</Verzio>
    <Verzio Ertek="9.3.0.12">- másolat, titkos másolat beállításának lehetősége</Verzio>
    <Verzio Ertek="9.3.0.13">Elektronikus típus</Verzio>
    <Verzio Ertek="9.3.0.14">Impersonation</Verzio>
    <Verzio Ertek="9.3.0.15">Ha nincs hitelesítve, akkor is csatoljon</Verzio>
    <Verzio Ertek="9.3.0.16">- 254 karakter hosszú a fájlnév mező</Verzio>
    <Verzio Ertek="9.3.0.17">- SAP-s addon jogosultság használható legyen
- Titkosítás nélküli levélküldés</Verzio>
    <Verzio Ertek="9.3.0.18">- Paraméterrel beállítható, hogy a címzettet, vagy nyomtatási formátumot lehet-e módosítani. Jogosultsággal engedélyezhető
- PDF fájlnév formátum beállíthatósága
- teszt email küldése</Verzio>
    <Verzio Ertek="9.3.0.19">- MD5 checksum számolása
- A levél elküldésekor amennyiben az EBIZARCH paraméter be van állítva, akkor az itt megadott adatbázisba másolja az elküldés adatait, és a pdf-et binárisan</Verzio>
    <Verzio Ertek="9.3.0.20">- Ha az EBIZINST paraméter "N", akkor nincs felhasználói mező telepítés. Egyébként is csak superuserrel telepíti a program az esetlegesen hiányzó felhasználói mezőket.
- Ha felhasználói mező hiány van, akkor az addon befejezi futását, nem használható tovább</Verzio>
    <Verzio Ertek="9.3.0.21">Javítás: Egy 19-es verzióbeli téves módosítás miatt a példányszámot nem növelte küldéskor.</Verzio>
  </Verziok>
</Main>