{
    "Name": "root",
    "IsFile": false,
    "Folders": [
        {
            "Name": "Tables",
            "IsFile": false,
            "Folders": [
                {
                    "Name": "*",
                    "IsFile": true,
                    "Folders": [
                        {
                            "Name": "Columns",
                            "IsFile": false,
                            "Folders": [
                                {
                                    "Name": "*",
                                    "IsFile": false,
                                  "Properties": [
                                    {
                                      "Name": "DataType",
                                      "ValueType": "String",
                                      "ListOfValues": [
                                        "bigint",
                                        "int",
                                        "smallint",
                                        "tinyint",
                                        "bit",
                                        "decimal",
                                        "numeric",
                                        "money",
                                        "float",
                                        "real",
                                        "timestamp",
                                        "datetime",
                                        "smalldatetime",
                                        "char",
                                        "varchar",
                                        "text",
                                        "nchar",
                                        "nvarchar",
                                        "ntext"
                                      ]
                                    },
                                    {
                                      "Name": "Maximum Length",
                                      "ValueType": "Integer",
                                      "ListOfValues": null
                                    },
                                    {
                                      "Name": "Decimal Places",
                                      "ValueType": "Integer",
                                      "ListOfValues": null
                                    },
                                    {
                                      "Name": "NullIndicator",
                                      "ValueType": "Boolean",
                                      "ListOfValues": null
                                    },
                                    {
                                      "Name": "NotNullMessage",
                                      "ValueType": "String",
                                      "ListOfValues": null
                                    },
                                    {
                                      "Name": "Domain",
                                      "ValueType": "String",
                                      "ListOfValues": null
                                    },
                                    {
                                      "Name": "Default Value",
                                      "ValueType": "String",
                                      "ListOfValues": null
                                    },
                                    {
                                      "Name": "Prompt",
                                      "ValueType": "String",
                                      "ListOfValues": null
                                    },
                                    {
                                      "Name": "Decription",
                                      "ValueType": "String",
                                      "ListOfValues": null
                                    },
                                    {
                                      "Name": "BaseTableDirective",
                                      "ValueType": "String",
                                      "ListOfValues": null
                                    },
                                    {
                                      "Name": "LOV type",
                                      "ValueType": "String"
                                    }
                                  ]
                                }
                            ]
                        },
                        {
                            "Name": "Keys",
                            "IsFile": false,
                            "Folders": [
                                {
                                    "Name": "*",
                                    "IsFile": false,
                                    "Properties": [
                                        {
                                            "Name": "KeyType",
                                            "ValueType": "String",
                                            "ListOfValues": [
                                                "Primary",
                                                "Check",
                                                "Unique",
                                                "Index"
                                            ]
                                        },
                                        {
                                            "Name": "Condition",
                                            "ValueType": "String",
                                            "ListOfValues": null
                                        },
                                        {
                                            "Name": "Decription",
                                            "ValueType": "String",
                                            "ListOfValues": null
                                        }
                                    ],
                                    "Folders": [
                                        {
                                            "Name": "Columns",
                                            "IsFile": false,
                                            "Folders": [
                                                {
                                                    "Name": "*"
                                                }
                                            ]
                                        },
                                        {
                                            "Name": "IncludeColumns",
                                            "IsFile": false,
                                            "Folders": [
                                                {
                                                    "Name": "*"
                                                }
                                            ]
                                        }
                                    ]
                                }
                            ]
                        }
                    ],
                    "Properties": [
                        {
                            "Name": "Alias",
                            "ValueType": "String",
                            "ListOfValues": null
                        }
                    ],
                  "Generators": [
                    "Shared\\Entities\\[Name].cs|backend_basetable",
                    "MBHBackend\\Entities\\[Name]Entity.cs|backend_entity"
                  ]
                }
            ]
        },
        {
            "Name": "Views",
            "IsFile": false,
            "Folders": [
                {
                    "Name": "*",
                    "IsFile": true,
                    "Folders": [
                        {
                            "Name": "Columns",
                            "IsFile": false,
                            "Folders": [
                                {
                                    "Name": "*",
                                    "IsFile": false,
                                  "Properties": [
                                    {
                                      "Name": "DataType",
                                      "ValueType": "String",
                                      "ListOfValues": [
                                        "bigint",
                                        "int",
                                        "smallint",
                                        "tinyint",
                                        "bit",
                                        "decimal",
                                        "numeric",
                                        "money",
                                        "float",
                                        "real",
                                        "timestamp",
                                        "datetime",
                                        "smalldatetime",
                                        "char",
                                        "varchar",
                                        "text",
                                        "nchar",
                                        "nvarchar",
                                        "ntext"
                                      ]
                                    },
                                    {
                                      "Name": "Maximum Length",
                                      "ValueType": "Integer"
                                    },
                                    {
                                      "Name": "Decimal Places",
                                      "ValueType": "Integer"
                                    },
                                    {
                                      "Name": "NullIndicator",
                                      "ValueType": "Boolean"
                                    },
                                    {
                                      "Name": "NotNullMessage",
                                      "ValueType": "String"
                                    },
                                    {
                                      "Name": "Domain",
                                      "ValueType": "String"
                                    },
                                    {
                                      "Name": "Default Value",
                                      "ValueType": "String"
                                    },
                                    {
                                      "Name": "Prompt",
                                      "ValueType": "String"
                                    },
                                    {
                                      "Name": "Decription",
                                      "ValueType": "String"
                                    },
                                    {
                                      "Name": "LOV type",
                                      "ValueType": "String"
                                    }
                                  ]
                                }
                            ]
                        }
                    ],
                    "Properties": [
                        {
                            "Name": "BaseTable",
                            "ValueType": "String"
                        },
                        {
                            "Name": "Alias",
                            "ValueType": "String"
                        },
                        {
                            "Name": "SQLDefinition",
                            "ValueType": "Text"
                        },
                        {
                            "Name": "HANADefinition",
                            "ValueType": "Text"
                        }
                    ],
                    "Generators": [
                        "Shared\\View\\[Name]View.cs|backend_view"
                    ]
                }
            ]
        },
        {
            "Name": "Procedures",
            "IsFile": false,
            "Folders": [
                {
                    "Name": "*",
                    "IsFile": true,
                    "Properties": [
                        {
                            "Name": "SQLDefinition",
                            "ValueType": "Text"
                        },
                        {
                            "Name": "HANADefinition",
                            "ValueType": "Text"
                        }
                    ]
                }
            ]
        },
        {
            "Name": "Functions",
            "IsFile": false,
            "Folders": [
                {
                    "Name": "*",
                    "Properties": [
                        {
                            "Name": "SQLDefinition",
                            "ValueType": "Text"
                        },
                        {
                            "Name": "HANADefinition",
                            "ValueType": "Text"
                        }
                    ]
                }
            ]
        },
        {
            "Name": "Forms",
            "IsFile": false,
            "Folders": [
                {
                    "Name": "*",
                    "IsFile": true,
                    "Folders": [
                        {
                            "Name": "Blocks",
                            "IsFile": false,
                            "Folders": [
                                {
                                    "Name": "*",
                                    "IsFile": false,
                                    "Folders": [
                                        {
                                            "Name": "Columns",
                                            "IsFile": false,
                                            "Folders": [
                                                {
                                                    "Name": "*",
                                                    "IsFile": false,
                                                  "Properties": [
                                                    {
                                                      "Name": "DataType",
                                                      "ValueType": "String",
                                                      "ListOfValues": [
                                                        "bigint",
                                                        "int",
                                                        "smallint",
                                                        "tinyint",
                                                        "bit",
                                                        "decimal",
                                                        "numeric",
                                                        "money",
                                                        "float",
                                                        "real",
                                                        "timestamp",
                                                        "datetime",
                                                        "smalldatetime",
                                                        "char",
                                                        "varchar",
                                                        "text",
                                                        "nchar",
                                                        "nvarchar",
                                                        "ntext"
                                                      ]
                                                    },
                                                    {
                                                      "Name": "Maximum Length",
                                                      "ValueType": "Integer",
                                                      "ListOfValues": null
                                                    },
                                                    {
                                                      "Name": "Decimal Places",
                                                      "ValueType": "Integer",
                                                      "ListOfValues": null
                                                    },
                                                    {
                                                      "Name": "NullIndicator",
                                                      "ValueType": "Boolean",
                                                      "ListOfValues": null
                                                    },
                                                    {
                                                      "Name": "NotNullMessage",
                                                      "ValueType": "String",
                                                      "ListOfValues": null
                                                    },
                                                    {
                                                      "Name": "Domain",
                                                      "ValueType": "String",
                                                      "ListOfValues": null
                                                    },
                                                    {
                                                      "Name": "Default Value",
                                                      "ValueType": "String",
                                                      "ListOfValues": null
                                                    },
                                                    {
                                                      "Name": "Prompt",
                                                      "ValueType": "String",
                                                      "ListOfValues": null
                                                    },
                                                    {
                                                      "Name": "Decription",
                                                      "ValueType": "String",
                                                      "ListOfValues": null
                                                    },
                                                    {
                                                      "Name": "BaseTableDirective",
                                                      "ValueType": "String",
                                                      "ListOfValues": null
                                                    },
                                                    {
                                                      "Name": "LOV type",
                                                      "ValueType": "String"
                                                    },
                                                    {
                                                      "Name": "ReadOnly",
                                                      "ValueType": "Boolean"
                                                    },
                                                    {
                                                      "Name": "Width",
                                                      "ValueType": "Integer"
                                                    },
                                                    {
                                                      "Name": "MiscAttributes",
                                                      "ValueType": "String"
                                                    },
                                                    {
                                                      "Name": "Template",
                                                      "ValueType": "String"
                                                    },
                                                    {
                                                      "Name": "EditTemplate",
                                                      "ValueType": "String"
                                                    }
                                                  ]
                                                }
                                            ]
                                        },
                                        {
                                            "Name": "DetailBlocks",
                                            "IsFile": false,
                                            "Folders": [
                                                {
                                                    "Name": "*",
                                                    "IsFile": false,
                                                    "Folders": [
                                                        {
                                                            "Name": "ColumnPairs",
                                                            "IsFile": false,
                                                            "Folders": [
                                                                {
                                                                    "Name": "*",
                                                                    "IsFile": false,
                                                                    "Properties": [
                                                                        {
                                                                          "Name": "MasterColumn",
                                                                          "ValueType": "String"
                                                                        },
                                                                        {
                                                                          "Name": "DetailColumn",
                                                                          "ValueType": "String"
                                                                        }
                                                                    ]
																}
                                                            ]
                                                        }
                                                    ],
                                                    "Properties": [
                                                        {
                                                          "Name": "BaseView",
                                                          "ValueType": "String"
                                                        }
                                                    ]
                                                }
                                            ]
                                        }
                                    ],
                                    "Properties": [
                                        {
                                          "Name": "BaseView",
                                          "ValueType": "String"
                                        },
                                        {
                                          "Name": "BaseTable",
                                          "ValueType": "String"
                                        },
                                        {
                                          "Name": "Plural",
                                          "ValueType": "String"
                                        },
                                        {
                                          "Name": "RowNum",
                                          "ValueType": "Integer"
                                        },
                                        {
                                          "Name": "Grid",
                                          "ValueType": "Boolean"
                                        },
                                        {
                                          "Name": "Height",
                                          "ValueType": "Integer"
                                        },
                                        {
                                          "Name": "Title",
                                          "ValueType": "String"
                                        },
                                        {
                                          "Name": "AllowAdding",
                                          "ValueType": "Boolean"
                                        },
                                        {
                                          "Name": "AllowEditing",
                                          "ValueType": "Boolean"
                                        },
                                        {
                                          "Name": "AllowDeleting",
                                          "ValueType": "Boolean"
                                        }
                                    ]
                                }
                            ]
                        }
                    ],
                    "Properties": [
                        {
                            "Name": "Title"
                          , "ValueType": "String"
                        },
                        {
                            "Name": "Plural"
                          , "ValueType": "String"
                        }
                    ],
                  "Generators": [
                    "MBHBackend\\Controllers\\[Name]FormController.cs|backend_formcontroller",
                    "BlazorMasterDetailLibrary\\Pages\\/*GEN:[Name]:STARTCASE*/.razor|frontend_razor",
                    "BlazorMasterDetailLibrary\\Pages\\/*GEN:[Name]:STARTCASE*/.razor.cs|frontend_cs"
                  ]
                }
            ]
        }
    ]
}