{
  "Name": "DOM",
  "Properties": [
    {
      "Name": "Title",
      "Value": "Domain-ek kezel\u00E9se"
    },
    {
      "Name": "Plural",
      "Value": "DOMS"
    }
  ],
  "Folders": [
    {
      "Name": "Blocks",
      "Properties": null,
      "Folders": [
        {
          "Name": "DOM",
          "Properties": [
            {
              "Name": "BaseView",
              "Value": "SPC_F_DOMAINS_V"
            },
            {
              "Name": "BaseTable",
              "Value": "SPC_DOMAINS"
            },
            {
              "Name": "Plural",
              "Value": "DOMS"
            },
            {
              "Name": "RowNum",
              "Value": "0"
            },
            {
              "Name": "Grid",
              "Value": "1"
            },
            {
              "Name": "Height",
              "Value": ""
            },
            {
              "Name": "Title",
              "Value": ""
            },
            {
              "Name": "AllowAdding",
              "Value": "1"
            },
            {
              "Name": "AllowEditing",
              "Value": "1"
            },
            {
              "Name": "AllowDeleting",
              "Value": "1"
            }
          ],
          "Folders": [
            {
              "Name": "Columns",
              "Properties": null,
              "Folders": [
                {
                  "Name": "ID",
                  "Properties": [
                    {
                      "Name": "DataType",
                      "Value": "int"
                    },
                    {
                      "Name": "Maximum Length",
                      "Value": "10"
                    },
                    {
                      "Name": "Decimal Places",
                      "Value": "0"
                    },
                    {
                      "Name": "NullIndicator",
                      "Value": "0"
                    },
                    {
                      "Name": "NotNullMessage",
                      "Value": ""
                    },
                    {
                      "Name": "Domain",
                      "Value": ""
                    },
                    {
                      "Name": "Default Value",
                      "Value": ""
                    },
                    {
                      "Name": "Prompt",
                      "Value": ""
                    },
                    {
                      "Name": "Decription",
                      "Value": ""
                    },
                    {
                      "Name": "BaseTableDirective",
                      "Value": ""
                    },
                    {
                      "Name": "LOV type",
                      "Value": ""
                    },
                    {
                      "Name": "ReadOnly",
                      "Value": ""
                    },
                    {
                      "Name": "Width",
                      "Value": ""
                    },
                    {
                      "Name": "MiscAttributes",
                      "Value": ""
                    },
                    {
                      "Name": "Template",
                      "Value": ""
                    },
                    {
                      "Name": "EditTemplate",
                      "Value": ""
                    }
                  ],
                  "Folders": null
                },
                {
                  "Name": "TIPUS",
                  "Properties": [
                    {
                      "Name": "DataType",
                      "Value": "nvarchar"
                    },
                    {
                      "Name": "Maximum Length",
                      "Value": "30"
                    },
                    {
                      "Name": "Decimal Places",
                      "Value": "0"
                    },
                    {
                      "Name": "NullIndicator",
                      "Value": "0"
                    },
                    {
                      "Name": "NotNullMessage",
                      "Value": ""
                    },
                    {
                      "Name": "Domain",
                      "Value": ""
                    },
                    {
                      "Name": "Default Value",
                      "Value": ""
                    },
                    {
                      "Name": "Prompt",
                      "Value": "T\u00EDpus"
                    },
                    {
                      "Name": "Decription",
                      "Value": ""
                    },
                    {
                      "Name": "BaseTableDirective",
                      "Value": ""
                    },
                    {
                      "Name": "LOV type",
                      "Value": ""
                    },
                    {
                      "Name": "ReadOnly",
                      "Value": ""
                    },
                    {
                      "Name": "Width",
                      "Value": ""
                    },
                    {
                      "Name": "MiscAttributes",
                      "Value": ""
                    },
                    {
                      "Name": "Template",
                      "Value": ""
                    },
                    {
                      "Name": "EditTemplate",
                      "Value": ""
                    }
                  ],
                  "Folders": null
                },
                {
                  "Name": "MEGNEVEZES",
                  "Properties": [
                    {
                      "Name": "DataType",
                      "Value": "nvarchar"
                    },
                    {
                      "Name": "Maximum Length",
                      "Value": "100"
                    },
                    {
                      "Name": "Decimal Places",
                      "Value": "0"
                    },
                    {
                      "Name": "NullIndicator",
                      "Value": "0"
                    },
                    {
                      "Name": "NotNullMessage",
                      "Value": ""
                    },
                    {
                      "Name": "Domain",
                      "Value": ""
                    },
                    {
                      "Name": "Default Value",
                      "Value": ""
                    },
                    {
                      "Name": "Prompt",
                      "Value": "Megnevez\u00E9s"
                    },
                    {
                      "Name": "Decription",
                      "Value": ""
                    },
                    {
                      "Name": "BaseTableDirective",
                      "Value": ""
                    },
                    {
                      "Name": "LOV type",
                      "Value": ""
                    },
                    {
                      "Name": "ReadOnly",
                      "Value": ""
                    },
                    {
                      "Name": "Width",
                      "Value": ""
                    },
                    {
                      "Name": "MiscAttributes",
                      "Value": ""
                    },
                    {
                      "Name": "Template",
                      "Value": ""
                    },
                    {
                      "Name": "EditTemplate",
                      "Value": ""
                    }
                  ],
                  "Folders": null
                },
                {
                  "Name": "MEGJEGYZES",
                  "Properties": [
                    {
                      "Name": "DataType",
                      "Value": "ntext"
                    },
                    {
                      "Name": "Maximum Length",
                      "Value": "0"
                    },
                    {
                      "Name": "Decimal Places",
                      "Value": "0"
                    },
                    {
                      "Name": "NullIndicator",
                      "Value": "1"
                    },
                    {
                      "Name": "NotNullMessage",
                      "Value": ""
                    },
                    {
                      "Name": "Domain",
                      "Value": ""
                    },
                    {
                      "Name": "Default Value",
                      "Value": ""
                    },
                    {
                      "Name": "Prompt",
                      "Value": "Megjegyz\u00E9s"
                    },
                    {
                      "Name": "Decription",
                      "Value": ""
                    },
                    {
                      "Name": "BaseTableDirective",
                      "Value": ""
                    },
                    {
                      "Name": "LOV type",
                      "Value": ""
                    },
                    {
                      "Name": "ReadOnly",
                      "Value": ""
                    },
                    {
                      "Name": "Width",
                      "Value": ""
                    },
                    {
                      "Name": "MiscAttributes",
                      "Value": ""
                    },
                    {
                      "Name": "Template",
                      "Value": ""
                    },
                    {
                      "Name": "EditTemplate",
                      "Value": ""
                    }
                  ],
                  "Folders": null
                },
                {
                  "Name": "KOD",
                  "Properties": [
                    {
                      "Name": "DataType",
                      "Value": "nvarchar"
                    },
                    {
                      "Name": "Maximum Length",
                      "Value": "50"
                    },
                    {
                      "Name": "Decimal Places",
                      "Value": "0"
                    },
                    {
                      "Name": "NullIndicator",
                      "Value": "0"
                    },
                    {
                      "Name": "NotNullMessage",
                      "Value": ""
                    },
                    {
                      "Name": "Domain",
                      "Value": ""
                    },
                    {
                      "Name": "Default Value",
                      "Value": ""
                    },
                    {
                      "Name": "Prompt",
                      "Value": "K\u00F3d"
                    },
                    {
                      "Name": "Decription",
                      "Value": ""
                    },
                    {
                      "Name": "BaseTableDirective",
                      "Value": ""
                    },
                    {
                      "Name": "LOV type",
                      "Value": ""
                    },
                    {
                      "Name": "ReadOnly",
                      "Value": ""
                    },
                    {
                      "Name": "Width",
                      "Value": ""
                    },
                    {
                      "Name": "MiscAttributes",
                      "Value": ""
                    },
                    {
                      "Name": "Template",
                      "Value": ""
                    },
                    {
                      "Name": "EditTemplate",
                      "Value": ""
                    }
                  ],
                  "Folders": null
                },
                {
                  "Name": "LANGUAGE",
                  "Properties": [
                    {
                      "Name": "DataType",
                      "Value": "nvarchar"
                    },
                    {
                      "Name": "Maximum Length",
                      "Value": "3"
                    },
                    {
                      "Name": "Decimal Places",
                      "Value": "0"
                    },
                    {
                      "Name": "NullIndicator",
                      "Value": "0"
                    },
                    {
                      "Name": "NotNullMessage",
                      "Value": ""
                    },
                    {
                      "Name": "Domain",
                      "Value": ""
                    },
                    {
                      "Name": "Default Value",
                      "Value": ""
                    },
                    {
                      "Name": "Prompt",
                      "Value": "Nyelv"
                    },
                    {
                      "Name": "Decription",
                      "Value": ""
                    },
                    {
                      "Name": "BaseTableDirective",
                      "Value": ""
                    },
                    {
                      "Name": "LOV type",
                      "Value": ""
                    },
                    {
                      "Name": "ReadOnly",
                      "Value": ""
                    },
                    {
                      "Name": "Width",
                      "Value": ""
                    },
                    {
                      "Name": "MiscAttributes",
                      "Value": ""
                    },
                    {
                      "Name": "Template",
                      "Value": ""
                    },
                    {
                      "Name": "EditTemplate",
                      "Value": ""
                    }
                  ],
                  "Folders": null
                }
              ]
            },
            {
              "Name": "DetailBlocks",
              "Properties": null,
              "Folders": null
            }
          ]
        }
      ]
    }
  ]
}