{
  "Name": "MAR",
  "Properties": [
    {
      "Name": "Title",
      "Value": "Minim\u00E1l \u00E1r kezel\u00E9s"
    },
    {
      "Name": "Plural",
      "Value": ""
    }
  ],
  "Folders": [
    {
      "Name": "Blocks",
      "Properties": null,
      "Folders": [
        {
          "Name": "OITM",
          "Properties": [
            {
              "Name": "BaseView",
              "Value": "SPC_F_MAR_OITM_V"
            },
            {
              "Name": "BaseTable",
              "Value": "DUAL"
            },
            {
              "Name": "Plural",
              "Value": "OITMS"
            },
            {
              "Name": "RowNum",
              "Value": "0"
            },
            {
              "Name": "Grid",
              "Value": "1"
            },
            {
              "Name": "Height",
              "Value": "180"
            },
            {
              "Name": "Title",
              "Value": ""
            },
            {
              "Name": "AllowAdding",
              "Value": ""
            },
            {
              "Name": "AllowEditing",
              "Value": ""
            },
            {
              "Name": "AllowDeleting",
              "Value": ""
            }
          ],
          "Folders": [
            {
              "Name": "DetailBlocks",
              "Properties": null,
              "Folders": [
                {
                  "Name": "OCRD",
                  "Properties": [
                    {
                      "Name": "BaseView",
                      "Value": "SPC_F_MAR_OCRD_V"
                    }
                  ],
                  "Folders": [
                    {
                      "Name": "ColumnPairs",
                      "Properties": null,
                      "Folders": [
                        {
                          "Name": "ITEMCODE",
                          "Properties": [
                            {
                              "Name": "MasterColumn",
                              "Value": "ITEMCODE"
                            },
                            {
                              "Name": "DetailColumn",
                              "Value": "ITEMCODE"
                            }
                          ],
                          "Folders": null
                        }
                      ]
                    }
                  ]
                }
              ]
            },
            {
              "Name": "Columns",
              "Properties": null,
              "Folders": null
            }
          ]
        },
        {
          "Name": "OCRD",
          "Properties": [
            {
              "Name": "BaseView",
              "Value": "SPC_F_MAR_OCRD_V"
            },
            {
              "Name": "BaseTable",
              "Value": "MAR_OCRD"
            },
            {
              "Name": "Plural",
              "Value": "OCRDS"
            },
            {
              "Name": "RowNum",
              "Value": "1"
            },
            {
              "Name": "Grid",
              "Value": "1"
            },
            {
              "Name": "Height",
              "Value": "400"
            },
            {
              "Name": "Title",
              "Value": ""
            },
            {
              "Name": "AllowAdding",
              "Value": ""
            },
            {
              "Name": "AllowEditing",
              "Value": ""
            },
            {
              "Name": "AllowDeleting",
              "Value": ""
            }
          ],
          "Folders": [
            {
              "Name": "DetailBlocks",
              "Properties": null,
              "Folders": null
            },
            {
              "Name": "Columns",
              "Properties": null,
              "Folders": null
            }
          ]
        }
      ]
    }
  ]
}