{
  "Name": "UKWEB",
  "Properties": [
    {
      "Name": "Title",
      "Value": "\u00DCzletk\u00F6t\u0151i \u00E9s webes rendel\u00E9sek"
    },
    {
      "Name": "Plural",
      "Value": "UK_WEB_ORDRS"
    }
  ],
  "Folders": [
    {
      "Name": "Blocks",
      "Properties": null,
      "Folders": [
        {
          "Name": "ORDR",
          "Properties": [
            {
              "Name": "BaseView",
              "Value": "SPC_UK_WEB_ORDR_V"
            },
            {
              "Name": "BaseTable",
              "Value": "IFSZ_UK_ORDR"
            },
            {
              "Name": "Plural",
              "Value": "UK_ORDRS"
            },
            {
              "Name": "RowNum",
              "Value": "0"
            },
            {
              "Name": "Grid",
              "Value": "1"
            },
            {
              "Name": "Height",
              "Value": "220"
            },
            {
              "Name": "Title",
              "Value": ""
            },
            {
              "Name": "AllowAdding",
              "Value": ""
            },
            {
              "Name": "AllowEditing",
              "Value": ""
            },
            {
              "Name": "AllowDeleting",
              "Value": ""
            }
          ],
          "Folders": [
            {
              "Name": "DetailBlocks",
              "Properties": null,
              "Folders": [
                {
                  "Name": "RDR1",
                  "Properties": [
                    {
                      "Name": "BaseView",
                      "Value": "SPC_UK_WEB_RDR1_V"
                    }
                  ],
                  "Folders": [
                    {
                      "Name": "ColumnPairs",
                      "Properties": null,
                      "Folders": [
                        {
                          "Name": "ORDR_ID",
                          "Properties": [
                            {
                              "Name": "MasterColumn",
                              "Value": "ID"
                            },
                            {
                              "Name": "DetailColumn",
                              "Value": "ORDR_ID"
                            }
                          ],
                          "Folders": null
                        },
                        {
                          "Name": "FORRAS",
                          "Properties": [
                            {
                              "Name": "MasterColumn",
                              "Value": "FORRAS"
                            },
                            {
                              "Name": "DetailColumn",
                              "Value": "FORRAS"
                            }
                          ],
                          "Folders": null
                        }
                      ]
                    }
                  ]
                }
              ]
            },
            {
              "Name": "Columns",
              "Properties": null,
              "Folders": null
            }
          ]
        },
        {
          "Name": "RDR1",
          "Properties": [
            {
              "Name": "BaseView",
              "Value": "SPC_UK_WEB_RDR1_V"
            },
            {
              "Name": "BaseTable",
              "Value": "IFSZ_UK_RDR1"
            },
            {
              "Name": "Plural",
              "Value": "UK_RDR1S"
            },
            {
              "Name": "RowNum",
              "Value": "1"
            },
            {
              "Name": "Grid",
              "Value": "1"
            },
            {
              "Name": "Height",
              "Value": "200"
            },
            {
              "Name": "Title",
              "Value": ""
            },
            {
              "Name": "AllowAdding",
              "Value": ""
            },
            {
              "Name": "AllowEditing",
              "Value": ""
            },
            {
              "Name": "AllowDeleting",
              "Value": ""
            }
          ],
          "Folders": [
            {
              "Name": "DetailBlocks",
              "Properties": null,
              "Folders": null
            },
            {
              "Name": "Columns",
              "Properties": null,
              "Folders": null
            }
          ]
        }
      ]
    }
  ]
}