<?xml version="1.0"?>
<Externals>
  <External>
    <URL>^/Keretrendszer8.8/branches/meresz/Base_IFSZ_AddOn_SBO</URL>
    <Path>\IFSZ_AddOn_Ebiz</Path>
    <Name>Base_IFSZ_AddOn_SBO</Name>
    <Revision>13874</Revision>
  </External>
  <External>
    <URL>^/Keretrendszer8.8/branches/meresz/Base_IFSZ_Keretrendszer</URL>
    <Path>\IFSZ_AddOn_Ebiz</Path>
    <Name>Base_IFSZ_Keretrendszer</Name>
    <Revision>13780</Revision>
  </External>
  <External>
    <URL>^/Keretrendszer8.8/trunk/Domains_Resources</URL>
    <Path>\IFSZ_AddOn_Ebiz</Path>
    <Name>Domains_Resources</Name>
    <Revision>13779</Revision>
  </External>
  <External>
    <URL>^/Keretrendszer9/trunk/IFSZ_Resources</URL>
    <Path>
    </Path>
    <Name>IFSZ_Resources</Name>
    <Revision>8248</Revision>
  </External>
  <External>
    <URL>^/externals/CarlosAg.ExcelXmlWriter.dll</URL>
    <Path>\IFSZ_AddOn_Ebiz</Path>
    <Name>CarlosAg.ExcelXmlWriter.dll</Name>
    <Revision>247</Revision>
  </External>
</Externals>