﻿<?xml version="1.0"?>
<doc>
<assembly>
<name>
XDesigner
</name>
</assembly>
<members>
<member name="T:XDesigner.My.Resources.Resources">
<summary>
  A strongly-typed resource class, for looking up localized strings, etc.
</summary>
</member>
<member name="P:XDesigner.My.Resources.Resources.ResourceManager">
<summary>
  Returns the cached ResourceManager instance used by this class.
</summary>
</member>
<member name="P:XDesigner.My.Resources.Resources.Culture">
<summary>
  Overrides the current thread's CurrentUICulture property for all
  resource lookups using this strongly typed resource class.
</summary>
</member>
<member name="P:XDesigner.My.Resources.Resources.giphy">
<summary>
  Looks up a localized resource of type System.Drawing.Bitmap.
</summary>
</member>
<member name="M:XDesigner.DBNavigator.InitSettings">
 <summary>
 Induláskor hívódik meg, a kezdeti változókat beállítja, könyvtárstruktúrát inicializálja
 </summary>
</member>
<member name="M:XDesigner.DBNavigator.ManualDirTorles">
 <summary>
 Az XDesigner\temp alatt van az ellen db struktúra. Azt törli
 </summary>
</member>
<member name="M:XDesigner.DBNavigator.InitReposCombo">
 <summary>
 Induláskor feltölti a c_repo tartalmát.
 A c_repo nem kifejezetten git repository-ra fog mutatni, hanem a munkakönyvtáradban egy alkönyvtárra, azon belül is a db struktúra mappájára
 </summary>
</member>
<member name="M:XDesigner.DBNavigator.TeljesFrissites">
 <summary>
 A képernyőn látható adatokat frissíti
 </summary>
</member>
<member name="M:XDesigner.DBNavigator.CheckWorkingTree(System.Data.DataRow)">
 <summary>
 Jelenleg nincs használva, az eredeti elképzelés része volt
 </summary>
 <param name="p_row"></param>
</member>
<member name="M:XDesigner.DBNavigator.DataSetFrissit">
 <summary>
 Az m_tab_navigator-t és az m_tab_properties-t frissíti. Ezek az adatforrásai a képernyőn megjelenített elemeknek.
 A Beolvas eljárást használja erre, ami a konkrét fájlok alapján dolgozik.
 Két mappában vannak a fájlok. Az egyik egy átmeneti temp mappa, a másik a tényleges Shared\sbodb lesz.
 Bármit beállítunk, az a temp-be kerül, és mentés után innen kerül át minden véglegesen a Shared\sbodb-be.
 Induláskor hívjuk meg ezt az eljárást és mentés utáni frissítéskor is.
 Még TODO, hogy mentés után megtartsuk a korábbi kinyitott elemeket, ne záródjon be minden. És ha lehet a tetejére se ugorjunk vissza.
 </summary>
</member>
<member name="M:XDesigner.DBNavigator.Beolvas(System.Data.DataRow)">
 <summary>
 Beolvassa a fájlok alapján a db struktúrát. Ez a belépő eljárás.
     Két mappában vannak a fájlok. Az egyik egy átmeneti temp mappa, a másik a tényleges Shared\sbodb lesz.
     Bármit beállítunk, az a temp-be kerül, és mentés után innen kerül át minden véglegesen a Shared\sbodb-be.
 Az m_tab_navigator és m_tab_properties tábla fog ezzel kitöltődni.
 Az m_tab_navigator egy hierarchiát képez, bármelyik sora megfeleltethető a Shared\sbodb alatt:
   - egy mappának
   - egy json fájlnak.
   - egy json fájlon belüli csomópontnak
 A structure.json határozza meg, hogy ezek a szintek hogy követik egymást. Egy konkrét levélelem esetén az első néhány szint mappa lehet, utána lesz egy json fájl, és az alatt akármennyi alcsoport lehet még.
 m_tab_navigator oszlopai:
   id:        Primary key, nincs a fájlokban tárolva, beolvasáskor kap értéket. Lényeg, hogy az újabb frissítésig egyértelműen tudjunk hivatkozni erre a sorra
   num:       Az adott csomópont alatti sorrend, 0-ról kezdődik
   kod:       A hierarchia kezeléséhez egy kód. 5 karakterenként az adott szint num-ja van benne. Pl. 2/0/10 => 000020000000010
   nev1:      Az adott hierarchia pontjának elnevezése a manual (temp) struktúrában.
   nev2:      Az adott hierarchia pontjának elnevezése a Shared\sbodb (git) struktúrában.
   szoveg:    Elnevezés
   szint:     1-ről kezdődik, folyamatosan nő, ha a gyerekrekordokra jutunk
   parent_id: Visszamutat a szülőnek az id-jára
   kibontva:  True: Ki van bontva, False: nincs kibontva
   lathato:   True/False
   path:      \ jelekkel elválasztva a teljes útvonal, de csak a filerendszeri
   jsonpath:  \ jelekkel elválasztva a json fájlon belüli hierarchia
   elter:     True: Ha eltér a manual (temp) a Shared\sbodb-től (git), tehát módosítottunk, de még nem mentettük.
 m_tab_properties oszlopai:
   id:        Primary key, nincs a fájlokban tárolva, csak beolvasáskor kap értéket.
   num:       Sorrend
   parent_id: Az m_tab_navigator-beli id-ra mutat
   name:      A tulajdonság neve
   value1:    A tulajdonság értéke a manual(temp)-ben
   value2:    A tulajdonság értéke a Shared\sbodb(git)-ben
   
 Az eljárás csak meghívja az AddNavigatorFolderSzint-et, kezdeti paraméterekkel, vagyis hozzáadja a gyökér foldert, ami aztán rekurzívan fel fogja építeni
 a teljes struktúrát.
 </summary>
 <param name="p_row"></param>
</member>
<member name="M:XDesigner.DBNavigator.AddNavigatorFolderSzint(System.String,System.Int32,System.Int32@,System.Int32,System.String)">
 <summary>
 Egy új mappát néz végig.
 - Ha alábontott mappákat talál, akkor azokat felveszi az m_tab_navigator-ba, mint csomópontok, és rekurzívan újra hívja önmagát.
 - Ha fájlokat talál, akkor a fájlban lévő struktúrát teszi hozzá a navigator-hoz.
 Mind a temp, mind a git oldalon dolgozik.
 </summary>
 <param name="p_path">Mi az az útvonal, amit hozzáadunk - a teljes útvonal \ jelekkel elválasztva (a gyökér "")</param>
 <param name="p_szint">Melyik szinten vagyunk</param>
 <param name="p_id">Az id. Amit létrehozunk, az ennél 1-gyel nagyobb lesz</param>
 <param name="p_parent_id">A szülő id-ja. Ha ez 0, akkor nincs szülő eleme</param>
 <param name="p_parent_kod">A szülő kódja. Ha egy "", akkor nincs</param>
</member>
<member name="M:XDesigner.DBNavigator.AddNavigatorFile(System.String,System.Int32,System.Int32@,System.Int32,System.String,System.Byte,System.Int32)">
 <summary>
 Az AddNavigatorFolderSzint-ből hívjuk, amikor egy mappában vagyunk, és találtunk egy json fájlt. Ezt a fájlt dolgozzuk fel.
 Deserializálja a json-t, (mindkét oldalon) és ezzel meghívja az AddNavigatorJSONObj-t
 </summary>
 <param name="p_path">A teljes útvonal a fájl nevével együtt</param>
 <param name="p_szint">szint</param>
 <param name="p_id">Az új id, amivel be fogjuk szúrni ezt a navigátor csomópontot</param>
 <param name="p_parent_id">A szülő navigátor id-ja</param>
 <param name="p_parent_kod">A szülő kódja</param>
 <param name="p_prop">A bitkódunk, ami megmondja, hogy dir(8)/file(4), illetve manual(2)/git(1)</param>
 <param name="p_num">Sorszám</param>
</member>
<member name="M:XDesigner.DBNavigator.AddNavigatorJSONObj(XDesigner.PropertyValues,XDesigner.PropertyValues,System.Int32,System.Int32@,System.Int32,System.String,System.Byte,System.Int32,System.String,System.String)">
 <summary>
 Paraméterként megkapja ugyanannak a szintnek a git és temp oldali json objektumát.
 Ez lehet a teljes fájl, vagy annak egy alfoldere is, itt már lényegtelen.
 Végeredményként innen kezdve a teljes struktúra bele fog kerülni az m_tab_navigator-ba, és a property-jei is bekerülnek az m_tab_properties-be
 Rekurzívan önmagát hívja, ha vannak folderei az adott csomópontnak. Ott már csak az alstruktúrát kell átadni.
 </summary>
 <param name="l_jsonobj_git">A git oldali fájl jsonja. Ha nincs fájl, akkor nothing</param>
 <param name="l_jsonobj_manual">A temp oldali fájl jsonja. Ha nincs fájl, akkor nothing</param>
 <param name="p_szint">szint</param>
 <param name="p_id">Az új id, amivel be fogjuk szúrni ezt a navigátor csomópontot</param>
 <param name="p_parent_id">A szülő navigátor id-ja</param>
 <param name="p_parent_kod">A szülő kódja</param>
 <param name="p_prop">A bitkódunk, ami megmondja, hogy dir(8)/file(4), illetve manual(2)/git(1)</param>
 <param name="p_num">Sorszám</param>
 <param name="p_path">A teljes útvonal a fájl nevével együtt</param>
 <param name="p_jsonpath"></param>
</member>
<member name="M:XDesigner.DBNavigator.AddNavigatorRow(System.Int32@,System.Int32@,System.Int32,System.String,System.String,System.Byte,System.Int32,System.String,System.String)">
 <summary>
 Ez az egyetlen eljárás, ami ténylegesen beleír (új sort hoz létre) az m_tab_navigator táblába
 </summary>
 <param name="p_id"></param>
 <param name="l_num"></param>
 <param name="p_parent_id"></param>
 <param name="p_parent_kod"></param>
 <param name="p_szoveg"></param>
 <param name="p_prop"></param>
 <param name="p_szint"></param>
 <param name="p_path"></param>
 <param name="p_jsonpath"></param>
</member>
<member name="M:XDesigner.DBNavigator.AddNewProperty(System.Int32,System.String,System.String,System.String)">
 <summary>
 Egy új property-t vesz fel az m_tab_properties táblába
 </summary>
 <param name="p_parent_id"></param>
 <param name="p_name"></param>
 <param name="p_value1"></param>
 <param name="p_value2"></param>
</member>
<member name="M:XDesigner.DBNavigator.DelNavigatorRow(System.Int32@)">
 <summary>
 Törli a navigátorból a sort
 Ez akkor jelent valóban törlést, ha a git oldalon sem létezik ez a csomópont. (Most vettük csak fel, aztán meggondoltuk magunkat, mégis visszatöröljük.)
 Egyébként csak a nev1-et ürítjük. Ez majd a mentés során fog ténylegesen megvalósulni, hogy a json fájlban, vagy könyvtárszerkezetben is törlődik
 Mivel ezzel úgyis együtt jár, ebben az eljárásban töröljük a hozzá tartozó property-ket is
 </summary>
 <param name="p_id"></param>
</member>
<member name="M:XDesigner.DBNavigator.BuildStructure">
 <summary>
 A structure.json-t olvassa fel, ami mindig egy root gyökérelemmel kezdődik, és ezt elhelyezi az m_root_folder-ben, ami NavigatorLevel típusú.
 Egy structure.json minden szintjén tartalmazhatja a NavigatorLevel property-jeit:
   - Name: A legelső esetén ez a "root", később tetszőleges
   - IsFile: Legelső esetben ez false, később akkor true, ha egy fájlról van szó
   - Folders: Ez egy újabb NavigatorLevel típusú tömbre mutat, amiben az elemek értelemszerűen tartalmazhatnak újabb Name, IsFile, Folders, Properties, Generators értékeket
   - Properties: NavigatorProperty típusú tömb. Az elemei három értéket tartalmazhatnak:
     - Name
     - ValueType
     - ListOfValues
   - Generators: A generátorokat sorolja fel, ami az adott szintre érvényesíthető
 </summary>
</member>
<member name="M:XDesigner.DBNavigator.FillStructJson(XDesigner.NavigatorLevel@,System.String,System.String,System.Boolean)">
 <summary>
 A hierarchikus struktúrában az útvonalakat állítja be.
 A structure.json-ban a felolvasás után nincs információ a teljes útvonalról. Azt itt állítjuk be. "\" jelekkel elválasztva a szinteket.
 Ez hasznos lesz később, ha nem kell végiggyalogolni a szülőkön, hogy megismerjük a teljes útvonalat.
 </summary>
</member>
<member name="M:XDesigner.DBNavigator.GetPluszMinuszPos(System.Data.DataRow)">
 <summary>
 Valójában a navigátor egyes sorain nem jpg + és - jel van, hanem tényleg oda van téve a szöveg elejére egy karakteres +, vagy -
 Ez megmondja, hogy ez a bizonyos karakter hányadik karakter a szövegben. (Ha lenne előtte whitespace)
 </summary>
 <param name="p_row"></param>
 <returns></returns>
</member>
<member name="M:XDesigner.DBNavigator.NavigatorSorKibontvaLathato(System.Data.DataRow@,System.Boolean,System.Boolean)">
 <summary>
 Beállítja az adott navigátor sornak két tulajdonságát:
   - kibontva: Ki vannak-e nyitva az alatta lévő
   - lathato: Látható-e a navigátorban
 </summary>
 <param name="p_row"></param>
 <param name="p_kibontva"></param>
 <param name="p_lathato"></param>
</member>
<member name="M:XDesigner.DBNavigator.DataGridView_navigator_CellMouseClick(System.Object,System.Windows.Forms.DataGridViewCellMouseEventArgs)">
 <summary>
 A clickeket kezeli.
 Bal klikkel az a fontos, hogy tudjuk, a +, vagy - jelen vagyunk-e. Ha igen, akkor kibontás, bezárás történik, azt intézi el
 Jobb klikkel fel kell hozni az adott sorra értelmezhető műveleteket:
   - Új elem hozzáadása
   - Törlés
   - Generátorok
 </summary>
 <param name="sender"></param>
 <param name="e"></param>
</member>
<member name="M:XDesigner.DBNavigator.DataGridView_navigator_CellMouseMove(System.Object,System.Windows.Forms.DataGridViewCellMouseEventArgs)">
 <summary>
 Csak az egérmutatót változtatja, hogy egyértelmű legyen, mikor nyithatjuk az alábontást
 </summary>
 <param name="sender"></param>
 <param name="e"></param>
</member>
<member name="M:XDesigner.DBNavigator.DataGridView_navigator_CurrentCellChanged(System.Object,System.EventArgs)">
 <summary>
 Ha a navigátorban ellép, akkor értelemszerűen a jobb oldali tulajdonságok nézetet frissíteni kell
 </summary>
 <param name="sender"></param>
 <param name="e"></param>
</member>
<member name="M:XDesigner.DBNavigator.DataGridView_properties_CellValidating(System.Object,System.Windows.Forms.DataGridViewCellValidatingEventArgs)">
 <summary>
 A tulajdonság ellenőrzését végzi el.
 Később jó lenne értéklistát is lehetővé tenni.
 </summary>
 <param name="sender"></param>
 <param name="e"></param>
</member>
<member name="M:XDesigner.DBNavigator.ValidateProperty(System.String@,XDesigner.NavigatorProperty)">
 <summary>
 A tényleges validáló eljárás, amit a CellValidating-ből hívunk
 </summary>
 <param name="p_ertek">A beírt érték</param>
 <param name="p_navigator_property">A structure.json által meghatározott szabály az adott property-re</param>
 <returns></returns>
</member>
<member name="M:XDesigner.DBNavigator.GetNavigatorProperty(System.Int32)">
 <summary>
 Ez visszaadja az adott konkrét property id-ja alapján azt, hogy ehhez a structure.json-ban milyen Property tartozik.
 A visszatérő NavigatorProperty típusú értékben így látni fogjuk, hogy mi a property típusa, és van-e értéklistája.
 </summary>
 <param name="p_id"></param>
 <returns></returns>
</member>
<member name="M:XDesigner.DBNavigator.GetStructFolder(System.Int32)">
 <summary>
 Ez visszaadja egy konkrét id-hoz kapcsolódóan az adott navigator sorhoz mi tartozik
 a structure.json-ban.
 Azért trükkös, mert visszafelé kell lépkedni, amíg a root_folderhez nem érünk, onnan tudjuk visszavezetni, hogy a struktúrában hol vagyunk.
 </summary>
 <param name="p_parent_id">A navigátor sorának id-ja. Azért parent_id-nak nevezzük, mert jellemzően a </param>
 <returns></returns>
</member>
<member name="M:XDesigner.DBNavigator.Mentes">
 <summary>
 A módosításaink mentését végzi el. Bármit csináltunk az utolsó mentés óta, az még nincs benne a fájlokban.
 Ez végigmegy a módosult m_tab_navigator és m_tab_properties sorokon, és azt a temp mappába átviszi.
 Módosulhat a könyvtárstruktúra és a json fájlok is.
 Végül a temp-ből átkerül a git munkakönyvtárba minden.
 Utólag így már felesleges volt ezt külön kezelni, hiszen minden módosítás végülis a memóriában történik, a két
 mappa soha nem fog eltérni egymástól
 </summary>
</member>
<member name="M:XDesigner.DBNavigator.KonytarSzinkron(System.String,System.String)">
 <summary>
 A temp mappából a git munkakönyvtárba viszi a dolgokat.
 </summary>
 <param name="p_path_manual"></param>
 <param name="p_path_git"></param>
</member>
<member name="M:XDesigner.DBNavigator.JsonFromData(System.String)">
 <summary>
 A megadott útvonal alatt lévő m_tab_properties-ben megadott property-ket a PropertyValues
 objektum tömbbe másolja és ezt adja vissza
 </summary>
 <param name="p_path"></param>
 <returns></returns>
</member>
<member name="M:XDesigner.DBNavigator.CreateNavigatorElem(System.Data.DataRowView,XDesigner.NavigatorLevel,System.String)">
 <summary>
 Olyankor hívjuk, ha egy új sort akarunk létrehozni a navigátorban. Vagy jobbklikkes "Új elem létrehozása"-ból hívjuk, vagy akkor, amikor db-ből
 hozunk létre új sort
 </summary>
 <param name="p_row"></param>
 <param name="p_struct"></param>
 <param name="p_name"></param>
</member>
<member name="M:XDesigner.DBNavigator.DelNavigatorElem(System.Data.DataRowView,System.Boolean)">
 <summary>
 Navigátor sor törlése
 </summary>
 <param name="p_row">A navigator row, amit törölni akarunk</param>
 <param name="p_manual">Amit a felhasználó törölni akar, ott True-val hívjuk meg. Ha ennek vannak alábontásai, azt rekurzívan a program önmagát hívja meg, olyankor a p_manual = False</param>
</member>
<member name="M:XDesigner.DBNavigator.menuChoice(System.Object,System.EventArgs)">
 <summary>
 Kezeli a jobbklikkes listából történt választásokat
   - Új elem hozzáadása
   - Törlés
   - Generálás
 </summary>
 <param name="sender"></param>
 <param name="e"></param>
</member>
<member name="M:XDesigner.DBNavigator.EventListChanged(System.Object,System.ComponentModel.ListChangedEventArgs)">
 <summary>
 A színezéseket kezeli, hogy mutassa, ha valamin módosítottunk
 </summary>
 <param name="sender"></param>
 <param name="e"></param>
</member>
<member name="M:XDesigner.DBNavigator.b_db_olvas_Click(System.Object,System.EventArgs)">
 <summary>
 Adatbázisból beolvasás nyomógomb
 </summary>
 <param name="sender"></param>
 <param name="e"></param>
</member>
<member name="M:XDesigner.DBNavigator.AddSorDbbol(System.Data.DataRowView)">
 <summary>
 Egy konkrét sort hozzáad a db lekérdezés alapján
 </summary>
 <param name="p_row"></param>
 <returns></returns>
</member>
<member name="M:XDesigner.DBNavigator.GetOrCreateNavigatorElem(System.Data.DataRowView@,XDesigner.NavigatorLevel@,System.String)">
 <summary>
 Létrehoz egy navigátor sort. Ha már van ilyen, akkor nem
 </summary>
 <param name="p_row">A szülő sort adjuk át, de a végén visszakapjuk a létrehozottat, vagy megtaláltat</param>
 <param name="p_struct"></param>
 <param name="p_name"></param>
</member>
<member name="M:XDesigner.DBNavigator.Mozgat(System.String)">
 <summary>
 Sorrendiséget lehet vele változtatni. Át lehet mozgatni a sorokat máshova
 TODO: Ha másik ágba húzza, akkor másolás is történhessen
 </summary>
 <param name="p_hova"></param>
</member>
<member name="M:XDesigner.DBNavigator.EgyetMozgatSorrendben(System.Data.DataRow@,System.Int32)">
 <summary>
 Egy sort mozgat máshová. Ezt csak ugyanazon szülőn belül teheti meg
 </summary>
 <param name="p_row"></param>
 <param name="p_hova"></param>
</member>
<member name="M:XDesigner.DBNavigator.SetNavigatorRowNum(System.Data.DataRow@,System.Int32)">
 <summary>
 Beállítja az új num-ot.
 Ez nem csak num beállítással jár, hanem:
   - A "kod" módosulásával is (az utolsó 5 karakter az új rownum lesz 0-kkal kiegészítve)
   - Az alatta lévő elemek "kod"-jának módosulásával is. Azoknak is ezzel a kóddal kell kezdődniük
 </summary>
 <param name="p_row"></param>
 <param name="p_num"></param>
</member>
<member name="M:XDesigner.DBNavigator.SetNavigatorParentKod(System.Data.DataRow@,System.String)">
 <summary>
 Akkor van erre szükség, ha egy szülő sorrendje változott, ezért a kod eleje meg fog változni
 A végén rekurzívan önmagát meghívja azokra a sorokra, amiknek ő a szülője
 </summary>
 <param name="p_row">A sor, amit módosítani kell</param>
 <param name="p_kod">A kod eleje</param>
</member>
<member name="M:XDesigner.DBNavigator.ReadSQLDefinition(System.String,System.String,System.String,System.Int32)">
 <summary>
 
 </summary>
 <param name="p_propname"></param>
 <param name="p_value"></param>
 <param name="p_path"></param>
 <param name="p_tipus">0: git mappa, 1: temp (manual) mappa</param>
 <returns></returns>
</member>
<member name="M:XDesigner.Generators.EgyediBlokkVege(System.String)">
 <summary>
 Ez az eljárás a régi fájlban lévő egyedi programrészek összegyűjtésére szolgál
 Minden sornál meghívhatjuk, mert a benne lévő if ellenőrzi, hogy van-e teendője.
 Az m_last_file_blokk tartalmazza a blokknevét az eddig gyűjtögetett soroknak, az m_file_blokk pedig az aktuális sor blokkját.
 Ha ez eltér, akkor jutottunk az m_last_file_blokk végére. Ilyenkor ezt a programrészt elhelyezi az m_file_blokktext dictionary-ben.
 A fájl végére érve állítsuk az m_file_blokk-ot ""-re, és hívjuk meg ezt az eljárást.
 </summary>
</member>
<member name="M:XDesigner.Generators.CsKeyword(System.String)">
 <summary>
 Ez a függvény a szó elé tesz egy @-t, akkor, ha c# kulcsszóról van szó, egyébként meghagyja
 </summary>
 <param name="p_ertek"></param>
 <returns></returns>
</member>
<member name="M:XDesigner.Helper.GetHash(System.Byte[])">
 <summary>
 Visszaadja az md5 checksumját a paraméterként átadott byte array-nek
 </summary>
 <param name="theInput"></param>
 <returns></returns>
</member>
<member name="M:XDesigner.Helper.GetFileHash(System.String)">
 <summary>
 Visszaadja a checksumját a paraméterként átadott fájlnak
 </summary>
 <param name="p_file">A fájl neve - teljes útvonal</param>
 <returns></returns>
</member>
<member name="M:XDesigner.Helper.GetHash(System.String)">
 <summary>
 Visszaadja a checksumját a paraméterként átadott sztringnek.
 Átalakítja utf8-as byte tömbbé, és azt hasheli
 </summary>
 <param name="theInput"></param>
 <returns></returns>
</member>
<member name="M:XDesigner.XDesigner.Homokorazhato.Form.StartHomokora(XDesigner.XDesigner.Homokorazhato.Form.HomokoraSub,System.Data.DataRow)">
 <summary>
 A hosszabban tartó folyamatoknak lett kitalálva.
 Maga a folyamat egy eljárás, amit első paraméterként átadunk a StartHomokora-nak. Második paraméterként a paraméterlistát adhatjuk át DataRow formában
 Az eljárásban használjuk az m_homokora_uzenet változót. Ez fog megjelenni a "homokórán", mint üzenet, itt tudathatjuk, hogy mivel is töltjük az időt
 Ha az eljárás kivételt vált ki, akkor azt elkapja, kiírja az üzenetet, és leokéztatja a felhasználóval.
 </summary>
 <param name="p_sub"></param>
 <param name="p_row"></param>
</member>
<member name="T:XDesigner.ExternalFile">
 <summary>
 Ez reprezentál egy-egy fájlt, ami externalból jön
 </summary>
</member>
<member name="P:XDesigner.ExternalFile.SzinkronTipus">
 <summary>
 Ez az external file hogyan szinkronizálódik a fő fejlesztésbe:
   - Szinkron: Át kell kerülnie, és frissítésnél a módosításnak is. A fő fejlesztésben ez a fájl ignorálva van
   - Kezdeti : Ha a fő fejlesztésben még nem létezik ez a fájl, akkor át kell másolni. Egyébként nem, ott felülírható, része lesz a fő fejlesztés repositorynak
   - Nincs   : Nem kell átmásolni. Ilyenkor a localpath is üres sztring
 </summary>
 <returns></returns>
</member>
<member name="P:XDesigner.ExternalFile.externalnev">
 <summary>
 Az external neve.
 </summary>
 <returns></returns>
</member>
<member name="P:XDesigner.ExternalFile.localpath">
 <summary>
 Az adott fájlnak a fő fejlesztésben elfoglalt (elfoglalandó) teljes útvonalas fájlneve
 </summary>
 <returns></returns>
</member>
<member name="P:XDesigner.ExternalFile.externalpath">
 <summary>
 Az adott fájlnak az externals mappa alatt lévő teljes útvonalas fájlneve, amivel szinkronban kellene lennie
 </summary>
 <returns></returns>
</member>
<member name="P:XDesigner.ExternalFile.localpathmd5">
 <summary>
 A lokális fájl checksumja
 </summary>
 <returns></returns>
</member>
<member name="P:XDesigner.ExternalFile.externalpathmd5">
 <summary>
 Az externalpath-nak a checksumja
 </summary>
 <returns></returns>
</member>
<member name="P:XDesigner.ExternalFile.localmissing">
 <summary>
 Ez a fájl nincs ott a fő fejlesztésben, de az externalból át kellett volna kerülnie?
 (Vagy kitöröltük, vagy még nem aktualizáltuk az externalt)
 </summary>
 <returns></returns>
</member>
<member name="P:XDesigner.ExternalFile.localmodified">
 <summary>
 Ez a fájl nincs szinkronban a hozzá kapcsolódó external fájllal?
 (Az nem számít módosítottnak már, amit ugyan módosítottunk, de átmásoltuk az external/nev alá is. Az szinkronban
 van azzal a fájllal. Igaz, hogy ott már git módosulást fog mutatni.)
 </summary>
 <returns></returns>
</member>
<member name="P:XDesigner.ExternalFile.gitnew">
 <summary>
 Az externals/nev mappa alatti fájl az external repository-ja szerint új fájl?
 (Benne van az index-ben, tehát nem untracked)
 </summary>
 <returns></returns>
</member>
<member name="P:XDesigner.ExternalFile.gitmodified">
 <summary>
 Az externals/nev mappa alatti fájl módosult a git repository-hoz képest.
 </summary>
 <returns></returns>
</member>
<member name="P:XDesigner.ExternalFile.gituntracked">
 <summary>
 Az externals/nev mappa alatti fájl untracked.
 </summary>
 <returns></returns>
</member>
<member name="P:XDesigner.ExternalFile.gitmissing">
 <summary>
 Az externals/nev alatti fájl már nem létezik
 </summary>
 <returns></returns>
</member>
<member name="P:XDesigner.ExternalFile.rootpath">
 <summary>
 Azért tesszük be ezt is a rekordba, mert a localpath-nak is ezzel kell kezdődnie, az externalpath-nak pedig rootpath/externals-zal
 Ennek segítségével fogunk relatív fájlneveket megjeleníteni
 </summary>
 <returns></returns>
</member>
<member name="T:XDesigner.ExternalGridRow">
 <summary>
 Ez az adatmodellje az external gridben megjelenő soroknak
 </summary>
</member>
<member name="P:XDesigner.ExternalGridRow.nev">
 <summary>
 Az external neve. Jellemzően ugyanaz, mint a repository-nak a neve, de ha szükség lenne rá, el tudunk térni tőle
 Ezzel a névvel fogja létrehozni a program az externals mappa alatt ennek a mappáját.
 </summary>
 <returns></returns>
</member>
<member name="P:XDesigner.ExternalGridRow.gitnev">
 <summary>
 A külső repository neve. Innen fogja klónozni és fetchelni/pullozni a kódot az externals/nev mappába.
 Ez elé kell érteni a közös szervezet github-os elérési útvonalát
 </summary>
 <returns></returns>
</member>
<member name="P:XDesigner.ExternalGridRow.verzio">
 <summary>
 Ezen a verzión van az external, legalábbis ez a változata kell nekünk.
 A verzió jellemzően egy tag neve lehet, ez a legjobb megoldás.
 De extrém esetekben branch nevét is megadhatjuk, de akár konkrét commit sha-t is.
 A SHA-nak az a hátulütője, hogy nem túl beszédes.
 A branchnek (akár main is lehet) az, hogy ez menetközben változhat, hogy melyik SHA-ra mutat, ezért nem egyértelmű.
 Viszont egy fejlesztési periódusban akár így is használhatjuk, ilyenkor párhuzamosan tudjuk fejleszteni a fő fejlesztést és az externalt is.
 De telepítés előtt mindenképpen át kell térni egy tag-re.
 </summary>
 <returns></returns>
</member>
<member name="P:XDesigner.ExternalGridRow.rootdir">
 <summary>
 Lehetőség van csak egy rootdir-t megadni, ilyenkor az az alap, hogy külön fájl definíció nélkül a teljes external tartalma
 a rootdir-ben megadott almappába másolódik. De legtöbbször nem használjuk, üresen marad.
 </summary>
 <returns></returns>
</member>
<member name="F:XDesigner.ExternalGridRow.tag">
 <summary>
 True: Ez a verzió egy tag-re mutat.
 </summary>
</member>
<member name="P:XDesigner.ExternalGridRow.commitsha">
 <summary>
 Az external verziójához tartozó aktuális SHA.
 Ha branchet adtunk meg, és nem frissítettünk (fetch) egy ideje, akkor ez mutathat elavult értéket!
 </summary>
 <returns></returns>
</member>
<member name="P:XDesigner.ExternalGridRow.currentcommitsha">
 <summary>
 Ez a konkrét externals/nev mappa alatt lévő lokális headnek a SHA-ja.
 Ha eltér a commitsha-tól, akkor pulloznunk kell.
 </summary>
 <returns></returns>
</member>
<member name="P:XDesigner.ExternalGridRow.localmissing">
 <summary>
 Hány olyan fájl van, ami nincs ott a fő fejlesztésben, de az externalból át kellett volna kerülnie.
 (Vagy kitöröltük, vagy még nem aktualizáltuk az externalt)
 </summary>
 <returns></returns>
</member>
<member name="P:XDesigner.ExternalGridRow.localmodified">
 <summary>
 Hány olyan fájl van a fő fejlesztésben, ami nincs szinkronban a hozzá kapcsolódó external fájllal.
 (Az nem számít módosítottnak már, amit ugyan módosítottunk, de átmásoltuk az external/nev alá is. Az szinkronban
 van azzal a fájllal. Igaz, hogy ott már git módosulást fog mutatni.)
 </summary>
 <returns></returns>
</member>
<member name="P:XDesigner.ExternalGridRow.gitnew">
 <summary>
 Az externals/nev mappa alatt hány olyan fájl van, ami az external repository-ja szerint új fájl.
 (Benne van az index-ben, tehát nem untracked)
 </summary>
 <returns></returns>
</member>
<member name="P:XDesigner.ExternalGridRow.gitmodified">
 <summary>
 Az externals/nev mappa alatt hány olyan fájl van, ami módosult a git repository-hoz képest.
 </summary>
 <returns></returns>
</member>
<member name="P:XDesigner.ExternalGridRow.gituntracked">
 <summary>
 Az externals/nev mappa alatt hány új, untracked fájl van.
 </summary>
 <returns></returns>
</member>
<member name="P:XDesigner.ExternalGridRow.lastfetched">
 <summary>
 Az adott external utolsó fetch-elésének dátuma
 </summary>
 <returns></returns>
</member>
<member name="M:XDesigner.ProjNavigator.ExternalKarbantart(System.String,System.Boolean)">
 <summary>
 Beállítja az externals mappát - ha még ezek nem lettek beállítva. Klónoz is, checkoutol.
 Utána átmásolja az externals mappa alól az externalok szükséges fájljait a fő fejlesztésbe
 Ha nem adjuk meg az externals nevét, akkor a fejlesztés összes externaljára megteszi
 </summary>
 <param name="p_nev">Az external neve, vagy ha üres, akkor az összes externalra végigfut</param>
 <param name="p_fajlok_refresh">Frissítse-e a fájlok listáját? (Akkor nem kell, ha előtte már ez úgyis lefutott)</param>
</member>
<member name="M:XDesigner.ProjNavigator.ExternalVisszamasol(System.String)">
 <summary>
 Ha már a gazdaprojektünkben módosítottunk több fájlt, ami az externalhoz tartozna, és innen ignorálva van, akkor ezeket
 ez visszamásolja az externals\... alá, így ott látni fogjuk a változásokat
 </summary>
</member>
<member name="M:XDesigner.ProjNavigator.FajlSymLink(System.String,System.String,System.Int32)">
 <summary>
 Symlinket hoz létre (ha még nincs), és a .gitignore-ba is beteszi a fájlt - valójában már ez is hardcopy-zik
 Visszafelé irány esetén ugyanúgy copy, csak fordított irányba
 </summary>
 <param name="p_forras"></param>
 <param name="p_cel"></param>
 <param name="p_irany"></param>
</member>
<member name="M:XDesigner.ProjNavigator.FajlHardCopy(System.String,System.String,System.Int32)">
 <summary>
 Hardcopy-t hajt végre (ha még nincs ott a fájl). A .gitignore-ba ezt nem tesszük be, ez a projektünk része lesz
 Visszafelé irány esetén valójában nem csinálunk semmit, mert a gazdaprojekt fájlja már a sajátja, le van választva az externalról
 </summary>
 <param name="p_forras"></param>
 <param name="p_cel"></param>
 <param name="p_irany"></param>
</member>
<member name="M:XDesigner.ProjNavigator.GitKlon(System.String,System.String)">
 <summary>
 Egy új projekt, vagy üres external mappánál használjuk. Klónozza a repositoryt
 </summary>
 <param name="p_dir"></param>
 <param name="p_giturl"></param>
</member>
<member name="M:XDesigner.ProjNavigator.ExternalCheckout(System.String,System.String,System.String,System.Boolean,System.Boolean)">
 <summary>
 Az external repot átváltja a megadott verzióra
 </summary>
 <param name="p_extnev">Az external neve</param>
 <param name="p_dir">Az external útvonala</param>
 <param name="p_verzio">A verzió, amire váltani kell</param>
 <param name="p_ovatos">Amennyiben a p_verzio-ban egy branch szerepel, akkor figyelmeztesse-e, hogy változott a mutatója</param>
 <param name="p_fetch">Fetch-et is végrehajtson?</param>
</member>
<member name="M:XDesigner.ProjNavigator.ReadLastFetchTimestamp(System.String)">
 <summary>
 Visszaadja az utolsó fetch időpontját.
 Ez az adat az externals\fetch.txt fájlban van tárolva.
 Ha üres a paraméter, akkor a fő fejlesztés fetch-e érdekel, az a fájl első sorában van yyyyMMddHHmmss formában
 Ha nem üres, akkor egy external fetch-e érdekel, ez a fájl következő soraiban van externalnév:.... formában
 </summary>
 <param name="p_external"></param>
 <returns></returns>
</member>
<member name="M:XDesigner.ProjNavigator.WriteFetchData">
 <summary>
 Elkészíti az externals\fetch.txt fájlt
 </summary>
</member>
<member name="M:XDesigner.ProjNavigator.FetchedNow(System.String)">
 <summary>
 Beállítja az aktuális időpontot, mint utolsó fetchelés időpontja
 Ha üres a paramétere, akkor a fő (gazda) fejlesztésre vonatkozik. Egyébként az externalra
 </summary>
 <param name="p_ext"></param>
</member>
</members>
</doc>
